,p,n
0,0.151,36
1,0.1515,36
2,0.152,36
3,0.1525,36
4,0.153,36
5,0.1535,36
6,0.154,36
7,0.1545,36
8,0.14300000000000002,37
9,0.14350000000000002,37
10,0.14400000000000002,37
11,0.1445,37
12,0.145,37
13,0.1455,37
14,0.146,37
15,0.1465,37
16,0.147,37
17,0.1475,37
18,0.148,37
19,0.1485,37
20,0.149,37
21,0.1495,37
22,0.15,37
23,0.1505,37
24,0.151,37
25,0.1515,37
26,0.136,38
27,0.1365,38
28,0.137,38
29,0.1375,38
30,0.138,38
31,0.1385,38
32,0.139,38
33,0.1395,38
34,0.14,38
35,0.1405,38
36,0.14100000000000001,38
37,0.14150000000000001,38
38,0.14200000000000002,38
39,0.14250000000000002,38
40,0.14300000000000002,38
41,0.14350000000000002,38
42,0.14400000000000002,38
43,0.1445,38
44,0.145,38
45,0.1455,38
46,0.146,38
47,0.1465,38
48,0.147,38
49,0.1475,38
50,0.148,38
51,0.1485,38
52,0.1295,39
53,0.13,39
54,0.1305,39
55,0.131,39
56,0.1315,39
57,0.132,39
58,0.1325,39
59,0.133,39
60,0.1335,39
61,0.134,39
62,0.1345,39
63,0.135,39
64,0.1355,39
65,0.136,39
66,0.1365,39
67,0.137,39
68,0.1375,39
69,0.138,39
70,0.1385,39
71,0.139,39
72,0.1395,39
73,0.14,39
74,0.1405,39
75,0.14100000000000001,39
76,0.14150000000000001,39
77,0.14200000000000002,39
78,0.14250000000000002,39
79,0.14300000000000002,39
80,0.14350000000000002,39
81,0.14400000000000002,39
82,0.1445,39
83,0.145,39
84,0.1455,39
85,0.124,40
86,0.1245,40
87,0.125,40
88,0.1255,40
89,0.126,40
90,0.1265,40
91,0.127,40
92,0.1275,40
93,0.128,40
94,0.1285,40
95,0.129,40
96,0.1295,40
97,0.13,40
98,0.1305,40
99,0.131,40
100,0.1315,40
101,0.132,40
102,0.1325,40
103,0.133,40
104,0.1335,40
105,0.134,40
106,0.1345,40
107,0.135,40
108,0.1355,40
109,0.136,40
110,0.1365,40
111,0.137,40
112,0.1375,40
113,0.138,40
114,0.1385,40
115,0.139,40
116,0.1395,40
117,0.14,40
118,0.1405,40
119,0.14100000000000001,40
120,0.14150000000000001,40
121,0.14200000000000002,40
122,0.14250000000000002,40
123,0.14300000000000002,40
124,0.11900000000000001,41
125,0.11950000000000001,41
126,0.12,41
127,0.1205,41
128,0.121,41
129,0.1215,41
130,0.122,41
131,0.1225,41
132,0.123,41
133,0.1235,41
134,0.124,41
135,0.1245,41
136,0.125,41
137,0.1255,41
138,0.126,41
139,0.1265,41
140,0.127,41
141,0.1275,41
142,0.128,41
143,0.1285,41
144,0.129,41
145,0.1295,41
146,0.13,41
147,0.1305,41
148,0.131,41
149,0.1315,41
150,0.132,41
151,0.1325,41
152,0.133,41
153,0.1335,41
154,0.134,41
155,0.1345,41
156,0.135,41
157,0.1355,41
158,0.136,41
159,0.1365,41
160,0.137,41
161,0.1375,41
162,0.138,41
163,0.1385,41
164,0.139,41
165,0.1395,41
166,0.14,41
167,0.1405,41
168,0.1145,42
169,0.115,42
170,0.1155,42
171,0.116,42
172,0.1165,42
173,0.117,42
174,0.11750000000000001,42
175,0.11800000000000001,42
176,0.11850000000000001,42
177,0.11900000000000001,42
178,0.11950000000000001,42
179,0.12,42
180,0.1205,42
181,0.121,42
182,0.1215,42
183,0.122,42
184,0.1225,42
185,0.123,42
186,0.1235,42
187,0.124,42
188,0.1245,42
189,0.125,42
190,0.1255,42
191,0.126,42
192,0.1265,42
193,0.127,42
194,0.1275,42
195,0.128,42
196,0.1285,42
197,0.129,42
198,0.1295,42
199,0.13,42
200,0.1305,42
201,0.131,42
202,0.1315,42
203,0.132,42
204,0.1325,42
205,0.133,42
206,0.1335,42
207,0.134,42
208,0.1345,42
209,0.135,42
210,0.1355,42
211,0.136,42
212,0.1365,42
213,0.137,42
214,0.1375,42
215,0.138,42
216,0.11,43
217,0.1105,43
218,0.111,43
219,0.1115,43
220,0.112,43
221,0.1125,43
222,0.113,43
223,0.1135,43
224,0.114,43
225,0.1145,43
226,0.115,43
227,0.1155,43
228,0.116,43
229,0.1165,43
230,0.117,43
231,0.11750000000000001,43
232,0.11800000000000001,43
233,0.11850000000000001,43
234,0.11900000000000001,43
235,0.11950000000000001,43
236,0.12,43
237,0.1205,43
238,0.121,43
239,0.1215,43
240,0.122,43
241,0.1225,43
242,0.123,43
243,0.1235,43
244,0.124,43
245,0.1245,43
246,0.125,43
247,0.1255,43
248,0.126,43
249,0.1265,43
250,0.127,43
251,0.1275,43
252,0.128,43
253,0.1285,43
254,0.129,43
255,0.1295,43
256,0.13,43
257,0.1305,43
258,0.131,43
259,0.1315,43
260,0.132,43
261,0.1325,43
262,0.133,43
263,0.1335,43
264,0.134,43
265,0.1345,43
266,0.135,43
267,0.1355,43
268,0.106,44
269,0.1065,44
270,0.107,44
271,0.1075,44
272,0.108,44
273,0.1085,44
274,0.109,44
275,0.1095,44
276,0.11,44
277,0.1105,44
278,0.111,44
279,0.1115,44
280,0.112,44
281,0.1125,44
282,0.113,44
283,0.1135,44
284,0.114,44
285,0.1145,44
286,0.115,44
287,0.1155,44
288,0.116,44
289,0.1165,44
290,0.117,44
291,0.11750000000000001,44
292,0.11800000000000001,44
293,0.11850000000000001,44
294,0.11900000000000001,44
295,0.11950000000000001,44
296,0.12,44
297,0.1205,44
298,0.121,44
299,0.1215,44
300,0.122,44
301,0.1225,44
302,0.123,44
303,0.1235,44
304,0.124,44
305,0.1245,44
306,0.125,44
307,0.1255,44
308,0.126,44
309,0.1265,44
310,0.127,44
311,0.1275,44
312,0.128,44
313,0.1285,44
314,0.129,44
315,0.1295,44
316,0.13,44
317,0.1305,44
318,0.131,44
319,0.1315,44
320,0.132,44
321,0.1325,44
322,0.133,44
323,0.10250000000000001,45
324,0.10300000000000001,45
325,0.10350000000000001,45
326,0.10400000000000001,45
327,0.1045,45
328,0.105,45
329,0.1055,45
330,0.106,45
331,0.1065,45
332,0.107,45
333,0.1075,45
334,0.108,45
335,0.1085,45
336,0.109,45
337,0.1095,45
338,0.11,45
339,0.1105,45
340,0.111,45
341,0.1115,45
342,0.112,45
343,0.1125,45
344,0.113,45
345,0.1135,45
346,0.114,45
347,0.1145,45
348,0.115,45
349,0.1155,45
350,0.116,45
351,0.1165,45
352,0.117,45
353,0.11750000000000001,45
354,0.11800000000000001,45
355,0.11850000000000001,45
356,0.11900000000000001,45
357,0.11950000000000001,45
358,0.12,45
359,0.1205,45
360,0.121,45
361,0.1215,45
362,0.122,45
363,0.1225,45
364,0.123,45
365,0.1235,45
366,0.124,45
367,0.1245,45
368,0.125,45
369,0.1255,45
370,0.126,45
371,0.1265,45
372,0.127,45
373,0.1275,45
374,0.128,45
375,0.1285,45
376,0.129,45
377,0.1295,45
378,0.13,45
379,0.1305,45
380,0.131,45
381,0.099,46
382,0.0995,46
383,0.1,46
384,0.1005,46
385,0.101,46
386,0.1015,46
387,0.10200000000000001,46
388,0.10250000000000001,46
389,0.10300000000000001,46
390,0.10350000000000001,46
391,0.10400000000000001,46
392,0.1045,46
393,0.105,46
394,0.1055,46
395,0.106,46
396,0.1065,46
397,0.107,46
398,0.1075,46
399,0.108,46
400,0.1085,46
401,0.109,46
402,0.1095,46
403,0.11,46
404,0.1105,46
405,0.111,46
406,0.1115,46
407,0.112,46
408,0.1125,46
409,0.113,46
410,0.1135,46
411,0.114,46
412,0.1145,46
413,0.115,46
414,0.1155,46
415,0.116,46
416,0.1165,46
417,0.117,46
418,0.11750000000000001,46
419,0.11800000000000001,46
420,0.11850000000000001,46
421,0.11900000000000001,46
422,0.11950000000000001,46
423,0.12,46
424,0.1205,46
425,0.121,46
426,0.1215,46
427,0.122,46
428,0.1225,46
429,0.123,46
430,0.1235,46
431,0.124,46
432,0.1245,46
433,0.125,46
434,0.1255,46
435,0.126,46
436,0.1265,46
437,0.127,46
438,0.1275,46
439,0.128,46
440,0.1285,46
441,0.0955,47
442,0.096,47
443,0.0965,47
444,0.097,47
445,0.0975,47
446,0.098,47
447,0.0985,47
448,0.099,47
449,0.0995,47
450,0.1,47
451,0.1005,47
452,0.101,47
453,0.1015,47
454,0.10200000000000001,47
455,0.10250000000000001,47
456,0.10300000000000001,47
457,0.10350000000000001,47
458,0.10400000000000001,47
459,0.1045,47
460,0.105,47
461,0.1055,47
462,0.106,47
463,0.1065,47
464,0.107,47
465,0.1075,47
466,0.108,47
467,0.1085,47
468,0.109,47
469,0.1095,47
470,0.11,47
471,0.1105,47
472,0.111,47
473,0.1115,47
474,0.112,47
475,0.1125,47
476,0.113,47
477,0.1135,47
478,0.114,47
479,0.1145,47
480,0.115,47
481,0.1155,47
482,0.116,47
483,0.1165,47
484,0.117,47
485,0.11750000000000001,47
486,0.11800000000000001,47
487,0.11850000000000001,47
488,0.11900000000000001,47
489,0.11950000000000001,47
490,0.12,47
491,0.1205,47
492,0.121,47
493,0.1215,47
494,0.122,47
495,0.1225,47
496,0.123,47
497,0.1235,47
498,0.124,47
499,0.1245,47
500,0.125,47
501,0.1255,47
502,0.126,47
503,0.1265,47
504,0.0925,48
505,0.093,48
506,0.0935,48
507,0.094,48
508,0.0945,48
509,0.095,48
510,0.0955,48
511,0.096,48
512,0.0965,48
513,0.097,48
514,0.0975,48
515,0.098,48
516,0.0985,48
517,0.099,48
518,0.0995,48
519,0.1,48
520,0.1005,48
521,0.101,48
522,0.1015,48
523,0.10200000000000001,48
524,0.10250000000000001,48
525,0.10300000000000001,48
526,0.10350000000000001,48
527,0.10400000000000001,48
528,0.1045,48
529,0.105,48
530,0.1055,48
531,0.106,48
532,0.1065,48
533,0.107,48
534,0.1075,48
535,0.108,48
536,0.1085,48
537,0.109,48
538,0.1095,48
539,0.11,48
540,0.1105,48
541,0.111,48
542,0.1115,48
543,0.112,48
544,0.1125,48
545,0.113,48
546,0.1135,48
547,0.114,48
548,0.1145,48
549,0.115,48
550,0.1155,48
551,0.116,48
552,0.1165,48
553,0.117,48
554,0.11750000000000001,48
555,0.11800000000000001,48
556,0.11850000000000001,48
557,0.11900000000000001,48
558,0.11950000000000001,48
559,0.12,48
560,0.1205,48
561,0.121,48
562,0.1215,48
563,0.122,48
564,0.1225,48
565,0.123,48
566,0.1235,48
567,0.124,48
568,0.1245,48
569,0.0895,49
570,0.09,49
571,0.0905,49
572,0.091,49
573,0.0915,49
574,0.092,49
575,0.0925,49
576,0.093,49
577,0.0935,49
578,0.094,49
579,0.0945,49
580,0.095,49
581,0.0955,49
582,0.096,49
583,0.0965,49
584,0.097,49
585,0.0975,49
586,0.098,49
587,0.0985,49
588,0.099,49
589,0.0995,49
590,0.1,49
591,0.1005,49
592,0.101,49
593,0.1015,49
594,0.10200000000000001,49
595,0.10250000000000001,49
596,0.10300000000000001,49
597,0.10350000000000001,49
598,0.10400000000000001,49
599,0.1045,49
600,0.105,49
601,0.1055,49
602,0.106,49
603,0.1065,49
604,0.107,49
605,0.1075,49
606,0.108,49
607,0.1085,49
608,0.109,49
609,0.1095,49
610,0.11,49
611,0.1105,49
612,0.111,49
613,0.1115,49
614,0.112,49
615,0.1125,49
616,0.113,49
617,0.1135,49
618,0.114,49
619,0.1145,49
620,0.115,49
621,0.1155,49
622,0.116,49
623,0.1165,49
624,0.117,49
625,0.11750000000000001,49
626,0.11800000000000001,49
627,0.11850000000000001,49
628,0.11900000000000001,49
629,0.11950000000000001,49
630,0.12,49
631,0.1205,49
632,0.121,49
633,0.1215,49
634,0.122,49
635,0.1225,49
636,0.08700000000000001,50
637,0.08750000000000001,50
638,0.088,50
639,0.0885,50
640,0.089,50
641,0.0895,50
642,0.09,50
643,0.0905,50
644,0.091,50
645,0.0915,50
646,0.092,50
647,0.0925,50
648,0.093,50
649,0.0935,50
650,0.094,50
651,0.0945,50
652,0.095,50
653,0.0955,50
654,0.096,50
655,0.0965,50
656,0.097,50
657,0.0975,50
658,0.098,50
659,0.0985,50
660,0.099,50
661,0.0995,50
662,0.1,50
663,0.1005,50
664,0.101,50
665,0.1015,50
666,0.10200000000000001,50
667,0.10250000000000001,50
668,0.10300000000000001,50
669,0.10350000000000001,50
670,0.10400000000000001,50
671,0.1045,50
672,0.105,50
673,0.1055,50
674,0.106,50
675,0.1065,50
676,0.107,50
677,0.1075,50
678,0.108,50
679,0.1085,50
680,0.109,50
681,0.1095,50
682,0.11,50
683,0.1105,50
684,0.111,50
685,0.1115,50
686,0.112,50
687,0.1125,50
688,0.113,50
689,0.1135,50
690,0.114,50
691,0.1145,50
692,0.115,50
693,0.1155,50
694,0.116,50
695,0.1165,50
696,0.117,50
697,0.11750000000000001,50
698,0.11800000000000001,50
699,0.11850000000000001,50
700,0.11900000000000001,50
701,0.11950000000000001,50
702,0.12,50
703,0.1205,50
704,0.121,50
705,0.0845,51
706,0.085,51
707,0.0855,51
708,0.08600000000000001,51
709,0.08650000000000001,51
710,0.08700000000000001,51
711,0.08750000000000001,51
712,0.088,51
713,0.0885,51
714,0.089,51
715,0.0895,51
716,0.09,51
717,0.0905,51
718,0.091,51
719,0.0915,51
720,0.092,51
721,0.0925,51
722,0.093,51
723,0.0935,51
724,0.094,51
725,0.0945,51
726,0.095,51
727,0.0955,51
728,0.096,51
729,0.0965,51
730,0.097,51
731,0.0975,51
732,0.098,51
733,0.0985,51
734,0.099,51
735,0.0995,51
736,0.1,51
737,0.1005,51
738,0.101,51
739,0.1015,51
740,0.10200000000000001,51
741,0.10250000000000001,51
742,0.10300000000000001,51
743,0.10350000000000001,51
744,0.10400000000000001,51
745,0.1045,51
746,0.105,51
747,0.1055,51
748,0.106,51
749,0.1065,51
750,0.107,51
751,0.1075,51
752,0.108,51
753,0.1085,51
754,0.109,51
755,0.1095,51
756,0.11,51
757,0.1105,51
758,0.111,51
759,0.1115,51
760,0.112,51
761,0.1125,51
762,0.113,51
763,0.1135,51
764,0.114,51
765,0.1145,51
766,0.115,51
767,0.1155,51
768,0.116,51
769,0.1165,51
770,0.117,51
771,0.11750000000000001,51
772,0.11800000000000001,51
773,0.11850000000000001,51
774,0.11900000000000001,51
775,0.082,52
776,0.0825,52
777,0.083,52
778,0.0835,52
779,0.084,52
780,0.0845,52
781,0.085,52
782,0.0855,52
783,0.08600000000000001,52
784,0.08650000000000001,52
785,0.08700000000000001,52
786,0.08750000000000001,52
787,0.088,52
788,0.0885,52
789,0.089,52
790,0.0895,52
791,0.09,52
792,0.0905,52
793,0.091,52
794,0.0915,52
795,0.092,52
796,0.0925,52
797,0.093,52
798,0.0935,52
799,0.094,52
800,0.0945,52
801,0.095,52
802,0.0955,52
803,0.096,52
804,0.0965,52
805,0.097,52
806,0.0975,52
807,0.098,52
808,0.0985,52
809,0.099,52
810,0.0995,52
811,0.1,52
812,0.1005,52
813,0.101,52
814,0.1015,52
815,0.10200000000000001,52
816,0.10250000000000001,52
817,0.10300000000000001,52
818,0.10350000000000001,52
819,0.10400000000000001,52
820,0.1045,52
821,0.105,52
822,0.1055,52
823,0.106,52
824,0.1065,52
825,0.107,52
826,0.1075,52
827,0.108,52
828,0.1085,52
829,0.109,52
830,0.1095,52
831,0.11,52
832,0.1105,52
833,0.111,52
834,0.1115,52
835,0.112,52
836,0.1125,52
837,0.113,52
838,0.1135,52
839,0.114,52
840,0.1145,52
841,0.115,52
842,0.1155,52
843,0.116,52
844,0.1165,52
845,0.117,52
846,0.11750000000000001,52
847,0.0795,53
848,0.08,53
849,0.0805,53
850,0.081,53
851,0.0815,53
852,0.082,53
853,0.0825,53
854,0.083,53
855,0.0835,53
856,0.084,53
857,0.0845,53
858,0.085,53
859,0.0855,53
860,0.08600000000000001,53
861,0.08650000000000001,53
862,0.08700000000000001,53
863,0.08750000000000001,53
864,0.088,53
865,0.0885,53
866,0.089,53
867,0.0895,53
868,0.09,53
869,0.0905,53
870,0.091,53
871,0.0915,53
872,0.092,53
873,0.0925,53
874,0.093,53
875,0.0935,53
876,0.094,53
877,0.0945,53
878,0.095,53
879,0.0955,53
880,0.096,53
881,0.0965,53
882,0.097,53
883,0.0975,53
884,0.098,53
885,0.0985,53
886,0.099,53
887,0.0995,53
888,0.1,53
889,0.1005,53
890,0.101,53
891,0.1015,53
892,0.10200000000000001,53
893,0.10250000000000001,53
894,0.10300000000000001,53
895,0.10350000000000001,53
896,0.10400000000000001,53
897,0.1045,53
898,0.105,53
899,0.1055,53
900,0.106,53
901,0.1065,53
902,0.107,53
903,0.1075,53
904,0.108,53
905,0.1085,53
906,0.109,53
907,0.1095,53
908,0.11,53
909,0.1105,53
910,0.111,53
911,0.1115,53
912,0.112,53
913,0.1125,53
914,0.113,53
915,0.1135,53
916,0.114,53
917,0.1145,53
918,0.115,53
919,0.1155,53
920,0.0775,54
921,0.078,54
922,0.0785,54
923,0.079,54
924,0.0795,54
925,0.08,54
926,0.0805,54
927,0.081,54
928,0.0815,54
929,0.082,54
930,0.0825,54
931,0.083,54
932,0.0835,54
933,0.084,54
934,0.0845,54
935,0.085,54
936,0.0855,54
937,0.08600000000000001,54
938,0.08650000000000001,54
939,0.08700000000000001,54
940,0.08750000000000001,54
941,0.088,54
942,0.0885,54
943,0.089,54
944,0.0895,54
945,0.09,54
946,0.0905,54
947,0.091,54
948,0.0915,54
949,0.092,54
950,0.0925,54
951,0.093,54
952,0.0935,54
953,0.094,54
954,0.0945,54
955,0.095,54
956,0.0955,54
957,0.096,54
958,0.0965,54
959,0.097,54
960,0.0975,54
961,0.098,54
962,0.0985,54
963,0.099,54
964,0.0995,54
965,0.1,54
966,0.1005,54
967,0.101,54
968,0.1015,54
969,0.10200000000000001,54
970,0.10250000000000001,54
971,0.10300000000000001,54
972,0.10350000000000001,54
973,0.10400000000000001,54
974,0.1045,54
975,0.105,54
976,0.1055,54
977,0.106,54
978,0.1065,54
979,0.107,54
980,0.1075,54
981,0.108,54
982,0.1085,54
983,0.109,54
984,0.1095,54
985,0.11,54
986,0.1105,54
987,0.111,54
988,0.1115,54
989,0.112,54
990,0.1125,54
991,0.113,54
992,0.1135,54
993,0.114,54
994,0.0755,55
995,0.076,55
996,0.0765,55
997,0.077,55
998,0.0775,55
999,0.078,55
1000,0.0785,55
1001,0.079,55
1002,0.0795,55
1003,0.08,55
1004,0.0805,55
1005,0.081,55
1006,0.0815,55
1007,0.082,55
1008,0.0825,55
1009,0.083,55
1010,0.0835,55
1011,0.084,55
1012,0.0845,55
1013,0.085,55
1014,0.0855,55
1015,0.08600000000000001,55
1016,0.08650000000000001,55
1017,0.08700000000000001,55
1018,0.08750000000000001,55
1019,0.088,55
1020,0.0885,55
1021,0.089,55
1022,0.0895,55
1023,0.09,55
1024,0.0905,55
1025,0.091,55
1026,0.0915,55
1027,0.092,55
1028,0.0925,55
1029,0.093,55
1030,0.0935,55
1031,0.094,55
1032,0.0945,55
1033,0.095,55
1034,0.0955,55
1035,0.096,55
1036,0.0965,55
1037,0.097,55
1038,0.0975,55
1039,0.098,55
1040,0.0985,55
1041,0.099,55
1042,0.0995,55
1043,0.1,55
1044,0.1005,55
1045,0.101,55
1046,0.1015,55
1047,0.10200000000000001,55
1048,0.10250000000000001,55
1049,0.10300000000000001,55
1050,0.10350000000000001,55
1051,0.10400000000000001,55
1052,0.1045,55
1053,0.105,55
1054,0.1055,55
1055,0.106,55
1056,0.1065,55
1057,0.107,55
1058,0.1075,55
1059,0.108,55
1060,0.1085,55
1061,0.109,55
1062,0.1095,55
1063,0.11,55
1064,0.1105,55
1065,0.111,55
1066,0.1115,55
1067,0.112,55
1068,0.1125,55
1069,0.0735,56
1070,0.074,56
1071,0.0745,56
1072,0.075,56
1073,0.0755,56
1074,0.076,56
1075,0.0765,56
1076,0.077,56
1077,0.0775,56
1078,0.078,56
1079,0.0785,56
1080,0.079,56
1081,0.0795,56
1082,0.08,56
1083,0.0805,56
1084,0.081,56
1085,0.0815,56
1086,0.082,56
1087,0.0825,56
1088,0.083,56
1089,0.0835,56
1090,0.084,56
1091,0.0845,56
1092,0.085,56
1093,0.0855,56
1094,0.08600000000000001,56
1095,0.08650000000000001,56
1096,0.08700000000000001,56
1097,0.08750000000000001,56
1098,0.088,56
1099,0.0885,56
1100,0.089,56
1101,0.0895,56
1102,0.09,56
1103,0.0905,56
1104,0.091,56
1105,0.0915,56
1106,0.092,56
1107,0.0925,56
1108,0.093,56
1109,0.0935,56
1110,0.094,56
1111,0.0945,56
1112,0.095,56
1113,0.0955,56
1114,0.096,56
1115,0.0965,56
1116,0.097,56
1117,0.0975,56
1118,0.098,56
1119,0.0985,56
1120,0.099,56
1121,0.0995,56
1122,0.1,56
1123,0.1005,56
1124,0.101,56
1125,0.1015,56
1126,0.10200000000000001,56
1127,0.10250000000000001,56
1128,0.10300000000000001,56
1129,0.10350000000000001,56
1130,0.10400000000000001,56
1131,0.1045,56
1132,0.105,56
1133,0.1055,56
1134,0.106,56
1135,0.1065,56
1136,0.107,56
1137,0.1075,56
1138,0.108,56
1139,0.1085,56
1140,0.109,56
1141,0.1095,56
1142,0.11,56
1143,0.1105,56
1144,0.111,56
1145,0.07150000000000001,57
1146,0.07200000000000001,57
1147,0.0725,57
1148,0.073,57
1149,0.0735,57
1150,0.074,57
1151,0.0745,57
1152,0.075,57
1153,0.0755,57
1154,0.076,57
1155,0.0765,57
1156,0.077,57
1157,0.0775,57
1158,0.078,57
1159,0.0785,57
1160,0.079,57
1161,0.0795,57
1162,0.08,57
1163,0.0805,57
1164,0.081,57
1165,0.0815,57
1166,0.082,57
1167,0.0825,57
1168,0.083,57
1169,0.0835,57
1170,0.084,57
1171,0.0845,57
1172,0.085,57
1173,0.0855,57
1174,0.08600000000000001,57
1175,0.08650000000000001,57
1176,0.08700000000000001,57
1177,0.08750000000000001,57
1178,0.088,57
1179,0.0885,57
1180,0.089,57
1181,0.0895,57
1182,0.09,57
1183,0.0905,57
1184,0.091,57
1185,0.0915,57
1186,0.092,57
1187,0.0925,57
1188,0.093,57
1189,0.0935,57
1190,0.094,57
1191,0.0945,57
1192,0.095,57
1193,0.0955,57
1194,0.096,57
1195,0.0965,57
1196,0.097,57
1197,0.0975,57
1198,0.098,57
1199,0.0985,57
1200,0.099,57
1201,0.0995,57
1202,0.1,57
1203,0.1005,57
1204,0.101,57
1205,0.1015,57
1206,0.10200000000000001,57
1207,0.10250000000000001,57
1208,0.10300000000000001,57
1209,0.10350000000000001,57
1210,0.10400000000000001,57
1211,0.1045,57
1212,0.105,57
1213,0.1055,57
1214,0.106,57
1215,0.1065,57
1216,0.107,57
1217,0.1075,57
1218,0.108,57
1219,0.1085,57
1220,0.109,57
1221,0.1095,57
1222,0.0695,58
1223,0.07,58
1224,0.07050000000000001,58
1225,0.07100000000000001,58
1226,0.07150000000000001,58
1227,0.07200000000000001,58
1228,0.0725,58
1229,0.073,58
1230,0.0735,58
1231,0.074,58
1232,0.0745,58
1233,0.075,58
1234,0.0755,58
1235,0.076,58
1236,0.0765,58
1237,0.077,58
1238,0.0775,58
1239,0.078,58
1240,0.0785,58
1241,0.079,58
1242,0.0795,58
1243,0.08,58
1244,0.0805,58
1245,0.081,58
1246,0.0815,58
1247,0.082,58
1248,0.0825,58
1249,0.083,58
1250,0.0835,58
1251,0.084,58
1252,0.0845,58
1253,0.085,58
1254,0.0855,58
1255,0.08600000000000001,58
1256,0.08650000000000001,58
1257,0.08700000000000001,58
1258,0.08750000000000001,58
1259,0.088,58
1260,0.0885,58
1261,0.089,58
1262,0.0895,58
1263,0.09,58
1264,0.0905,58
1265,0.091,58
1266,0.0915,58
1267,0.092,58
1268,0.0925,58
1269,0.093,58
1270,0.0935,58
1271,0.094,58
1272,0.0945,58
1273,0.095,58
1274,0.0955,58
1275,0.096,58
1276,0.0965,58
1277,0.097,58
1278,0.0975,58
1279,0.098,58
1280,0.0985,58
1281,0.099,58
1282,0.0995,58
1283,0.1,58
1284,0.1005,58
1285,0.101,58
1286,0.1015,58
1287,0.10200000000000001,58
1288,0.10250000000000001,58
1289,0.10300000000000001,58
1290,0.10350000000000001,58
1291,0.10400000000000001,58
1292,0.1045,58
1293,0.105,58
1294,0.1055,58
1295,0.106,58
1296,0.1065,58
1297,0.107,58
1298,0.1075,58
1299,0.108,58
1300,0.068,59
1301,0.0685,59
1302,0.069,59
1303,0.0695,59
1304,0.07,59
1305,0.07050000000000001,59
1306,0.07100000000000001,59
1307,0.07150000000000001,59
1308,0.07200000000000001,59
1309,0.0725,59
1310,0.073,59
1311,0.0735,59
1312,0.074,59
1313,0.0745,59
1314,0.075,59
1315,0.0755,59
1316,0.076,59
1317,0.0765,59
1318,0.077,59
1319,0.0775,59
1320,0.078,59
1321,0.0785,59
1322,0.079,59
1323,0.0795,59
1324,0.08,59
1325,0.0805,59
1326,0.081,59
1327,0.0815,59
1328,0.082,59
1329,0.0825,59
1330,0.083,59
1331,0.0835,59
1332,0.084,59
1333,0.0845,59
1334,0.085,59
1335,0.0855,59
1336,0.08600000000000001,59
1337,0.08650000000000001,59
1338,0.08700000000000001,59
1339,0.08750000000000001,59
1340,0.088,59
1341,0.0885,59
1342,0.089,59
1343,0.0895,59
1344,0.09,59
1345,0.0905,59
1346,0.091,59
1347,0.0915,59
1348,0.092,59
1349,0.0925,59
1350,0.093,59
1351,0.0935,59
1352,0.094,59
1353,0.0945,59
1354,0.095,59
1355,0.0955,59
1356,0.096,59
1357,0.0965,59
1358,0.097,59
1359,0.0975,59
1360,0.098,59
1361,0.0985,59
1362,0.099,59
1363,0.0995,59
1364,0.1,59
1365,0.1005,59
1366,0.101,59
1367,0.1015,59
1368,0.10200000000000001,59
1369,0.10250000000000001,59
1370,0.10300000000000001,59
1371,0.10350000000000001,59
1372,0.10400000000000001,59
1373,0.1045,59
1374,0.105,59
1375,0.1055,59
1376,0.106,59
1377,0.1065,59
1378,0.0665,60
1379,0.067,60
1380,0.0675,60
1381,0.068,60
1382,0.0685,60
1383,0.069,60
1384,0.0695,60
1385,0.07,60
1386,0.07050000000000001,60
1387,0.07100000000000001,60
1388,0.07150000000000001,60
1389,0.07200000000000001,60
1390,0.0725,60
1391,0.073,60
1392,0.0735,60
1393,0.074,60
1394,0.0745,60
1395,0.075,60
1396,0.0755,60
1397,0.076,60
1398,0.0765,60
1399,0.077,60
1400,0.0775,60
1401,0.078,60
1402,0.0785,60
1403,0.079,60
1404,0.0795,60
1405,0.08,60
1406,0.0805,60
1407,0.081,60
1408,0.0815,60
1409,0.082,60
1410,0.0825,60
1411,0.083,60
1412,0.0835,60
1413,0.084,60
1414,0.0845,60
1415,0.085,60
1416,0.0855,60
1417,0.08600000000000001,60
1418,0.08650000000000001,60
1419,0.08700000000000001,60
1420,0.08750000000000001,60
1421,0.088,60
1422,0.0885,60
1423,0.089,60
1424,0.0895,60
1425,0.09,60
1426,0.0905,60
1427,0.091,60
1428,0.0915,60
1429,0.092,60
1430,0.0925,60
1431,0.093,60
1432,0.0935,60
1433,0.094,60
1434,0.0945,60
1435,0.095,60
1436,0.0955,60
1437,0.096,60
1438,0.0965,60
1439,0.097,60
1440,0.0975,60
1441,0.098,60
1442,0.0985,60
1443,0.099,60
1444,0.0995,60
1445,0.1,60
1446,0.1005,60
1447,0.101,60
1448,0.1015,60
1449,0.10200000000000001,60
1450,0.10250000000000001,60
1451,0.10300000000000001,60
1452,0.10350000000000001,60
1453,0.10400000000000001,60
1454,0.1045,60
1455,0.105,60
1456,0.0645,61
1457,0.065,61
1458,0.0655,61
1459,0.066,61
1460,0.0665,61
1461,0.067,61
1462,0.0675,61
1463,0.068,61
1464,0.0685,61
1465,0.069,61
1466,0.0695,61
1467,0.07,61
1468,0.07050000000000001,61
1469,0.07100000000000001,61
1470,0.07150000000000001,61
1471,0.07200000000000001,61
1472,0.0725,61
1473,0.073,61
1474,0.0735,61
1475,0.074,61
1476,0.0745,61
1477,0.075,61
1478,0.0755,61
1479,0.076,61
1480,0.0765,61
1481,0.077,61
1482,0.0775,61
1483,0.078,61
1484,0.0785,61
1485,0.079,61
1486,0.0795,61
1487,0.08,61
1488,0.0805,61
1489,0.081,61
1490,0.0815,61
1491,0.082,61
1492,0.0825,61
1493,0.083,61
1494,0.0835,61
1495,0.084,61
1496,0.0845,61
1497,0.085,61
1498,0.0855,61
1499,0.08600000000000001,61
1500,0.08650000000000001,61
1501,0.08700000000000001,61
1502,0.08750000000000001,61
1503,0.088,61
1504,0.0885,61
1505,0.089,61
1506,0.0895,61
1507,0.09,61
1508,0.0905,61
1509,0.091,61
1510,0.0915,61
1511,0.092,61
1512,0.0925,61
1513,0.093,61
1514,0.0935,61
1515,0.094,61
1516,0.0945,61
1517,0.095,61
1518,0.0955,61
1519,0.096,61
1520,0.0965,61
1521,0.097,61
1522,0.0975,61
1523,0.098,61
1524,0.0985,61
1525,0.099,61
1526,0.0995,61
1527,0.1,61
1528,0.1005,61
1529,0.101,61
1530,0.1015,61
1531,0.10200000000000001,61
1532,0.10250000000000001,61
1533,0.10300000000000001,61
1534,0.10350000000000001,61
1535,0.10400000000000001,61
1536,0.063,62
1537,0.0635,62
1538,0.064,62
1539,0.0645,62
1540,0.065,62
1541,0.0655,62
1542,0.066,62
1543,0.0665,62
1544,0.067,62
1545,0.0675,62
1546,0.068,62
1547,0.0685,62
1548,0.069,62
1549,0.0695,62
1550,0.07,62
1551,0.07050000000000001,62
1552,0.07100000000000001,62
1553,0.07150000000000001,62
1554,0.07200000000000001,62
1555,0.0725,62
1556,0.073,62
1557,0.0735,62
1558,0.074,62
1559,0.0745,62
1560,0.075,62
1561,0.0755,62
1562,0.076,62
1563,0.0765,62
1564,0.077,62
1565,0.0775,62
1566,0.078,62
1567,0.0785,62
1568,0.079,62
1569,0.0795,62
1570,0.08,62
1571,0.0805,62
1572,0.081,62
1573,0.0815,62
1574,0.082,62
1575,0.0825,62
1576,0.083,62
1577,0.0835,62
1578,0.084,62
1579,0.0845,62
1580,0.085,62
1581,0.0855,62
1582,0.08600000000000001,62
1583,0.08650000000000001,62
1584,0.08700000000000001,62
1585,0.08750000000000001,62
1586,0.088,62
1587,0.0885,62
1588,0.089,62
1589,0.0895,62
1590,0.09,62
1591,0.0905,62
1592,0.091,62
1593,0.0915,62
1594,0.092,62
1595,0.0925,62
1596,0.093,62
1597,0.0935,62
1598,0.094,62
1599,0.0945,62
1600,0.095,62
1601,0.0955,62
1602,0.096,62
1603,0.0965,62
1604,0.097,62
1605,0.0975,62
1606,0.098,62
1607,0.0985,62
1608,0.099,62
1609,0.0995,62
1610,0.1,62
1611,0.1005,62
1612,0.101,62
1613,0.1015,62
1614,0.10200000000000001,62
1615,0.10250000000000001,62
1616,0.062,63
1617,0.0625,63
1618,0.063,63
1619,0.0635,63
1620,0.064,63
1621,0.0645,63
1622,0.065,63
1623,0.0655,63
1624,0.066,63
1625,0.0665,63
1626,0.067,63
1627,0.0675,63
1628,0.068,63
1629,0.0685,63
1630,0.069,63
1631,0.0695,63
1632,0.07,63
1633,0.07050000000000001,63
1634,0.07100000000000001,63
1635,0.07150000000000001,63
1636,0.07200000000000001,63
1637,0.0725,63
1638,0.073,63
1639,0.0735,63
1640,0.074,63
1641,0.0745,63
1642,0.075,63
1643,0.0755,63
1644,0.076,63
1645,0.0765,63
1646,0.077,63
1647,0.0775,63
1648,0.078,63
1649,0.0785,63
1650,0.079,63
1651,0.0795,63
1652,0.08,63
1653,0.0805,63
1654,0.081,63
1655,0.0815,63
1656,0.082,63
1657,0.0825,63
1658,0.083,63
1659,0.0835,63
1660,0.084,63
1661,0.0845,63
1662,0.085,63
1663,0.0855,63
1664,0.08600000000000001,63
1665,0.08650000000000001,63
1666,0.08700000000000001,63
1667,0.08750000000000001,63
1668,0.088,63
1669,0.0885,63
1670,0.089,63
1671,0.0895,63
1672,0.09,63
1673,0.0905,63
1674,0.091,63
1675,0.0915,63
1676,0.092,63
1677,0.0925,63
1678,0.093,63
1679,0.0935,63
1680,0.094,63
1681,0.0945,63
1682,0.095,63
1683,0.0955,63
1684,0.096,63
1685,0.0965,63
1686,0.097,63
1687,0.0975,63
1688,0.098,63
1689,0.0985,63
1690,0.099,63
1691,0.0995,63
1692,0.1,63
1693,0.1005,63
1694,0.101,63
1695,0.0605,64
1696,0.061,64
1697,0.0615,64
1698,0.062,64
1699,0.0625,64
1700,0.063,64
1701,0.0635,64
1702,0.064,64
1703,0.0645,64
1704,0.065,64
1705,0.0655,64
1706,0.066,64
1707,0.0665,64
1708,0.067,64
1709,0.0675,64
1710,0.068,64
1711,0.0685,64
1712,0.069,64
1713,0.0695,64
1714,0.07,64
1715,0.07050000000000001,64
1716,0.07100000000000001,64
1717,0.07150000000000001,64
1718,0.07200000000000001,64
1719,0.0725,64
1720,0.073,64
1721,0.0735,64
1722,0.074,64
1723,0.0745,64
1724,0.075,64
1725,0.0755,64
1726,0.076,64
1727,0.0765,64
1728,0.077,64
1729,0.0775,64
1730,0.078,64
1731,0.0785,64
1732,0.079,64
1733,0.0795,64
1734,0.08,64
1735,0.0805,64
1736,0.081,64
1737,0.0815,64
1738,0.082,64
1739,0.0825,64
1740,0.083,64
1741,0.0835,64
1742,0.084,64
1743,0.0845,64
1744,0.085,64
1745,0.0855,64
1746,0.08600000000000001,64
1747,0.08650000000000001,64
1748,0.08700000000000001,64
1749,0.08750000000000001,64
1750,0.088,64
1751,0.0885,64
1752,0.089,64
1753,0.0895,64
1754,0.09,64
1755,0.0905,64
1756,0.091,64
1757,0.0915,64
1758,0.092,64
1759,0.0925,64
1760,0.093,64
1761,0.0935,64
1762,0.094,64
1763,0.0945,64
1764,0.095,64
1765,0.0955,64
1766,0.096,64
1767,0.0965,64
1768,0.097,64
1769,0.0975,64
1770,0.098,64
1771,0.0985,64
1772,0.099,64
1773,0.0995,64
1774,0.1,64
1775,0.059000000000000004,65
1776,0.059500000000000004,65
1777,0.06,65
1778,0.0605,65
1779,0.061,65
1780,0.0615,65
1781,0.062,65
1782,0.0625,65
1783,0.063,65
1784,0.0635,65
1785,0.064,65
1786,0.0645,65
1787,0.065,65
1788,0.0655,65
1789,0.066,65
1790,0.0665,65
1791,0.067,65
1792,0.0675,65
1793,0.068,65
1794,0.0685,65
1795,0.069,65
1796,0.0695,65
1797,0.07,65
1798,0.07050000000000001,65
1799,0.07100000000000001,65
1800,0.07150000000000001,65
1801,0.07200000000000001,65
1802,0.0725,65
1803,0.073,65
1804,0.0735,65
1805,0.074,65
1806,0.0745,65
1807,0.075,65
1808,0.0755,65
1809,0.076,65
1810,0.0765,65
1811,0.077,65
1812,0.0775,65
1813,0.078,65
1814,0.0785,65
1815,0.079,65
1816,0.0795,65
1817,0.08,65
1818,0.0805,65
1819,0.081,65
1820,0.0815,65
1821,0.082,65
1822,0.0825,65
1823,0.083,65
1824,0.0835,65
1825,0.084,65
1826,0.0845,65
1827,0.085,65
1828,0.0855,65
1829,0.08600000000000001,65
1830,0.08650000000000001,65
1831,0.08700000000000001,65
1832,0.08750000000000001,65
1833,0.088,65
1834,0.0885,65
1835,0.089,65
1836,0.0895,65
1837,0.09,65
1838,0.0905,65
1839,0.091,65
1840,0.0915,65
1841,0.092,65
1842,0.0925,65
1843,0.093,65
1844,0.0935,65
1845,0.094,65
1846,0.0945,65
1847,0.095,65
1848,0.0955,65
1849,0.096,65
1850,0.0965,65
1851,0.097,65
1852,0.0975,65
1853,0.098,65
1854,0.0985,65
1855,0.099,65
1856,0.058,66
1857,0.0585,66
1858,0.059000000000000004,66
1859,0.059500000000000004,66
1860,0.06,66
1861,0.0605,66
1862,0.061,66
1863,0.0615,66
1864,0.062,66
1865,0.0625,66
1866,0.063,66
1867,0.0635,66
1868,0.064,66
1869,0.0645,66
1870,0.065,66
1871,0.0655,66
1872,0.066,66
1873,0.0665,66
1874,0.067,66
1875,0.0675,66
1876,0.068,66
1877,0.0685,66
1878,0.069,66
1879,0.0695,66
1880,0.07,66
1881,0.07050000000000001,66
1882,0.07100000000000001,66
1883,0.07150000000000001,66
1884,0.07200000000000001,66
1885,0.0725,66
1886,0.073,66
1887,0.0735,66
1888,0.074,66
1889,0.0745,66
1890,0.075,66
1891,0.0755,66
1892,0.076,66
1893,0.0765,66
1894,0.077,66
1895,0.0775,66
1896,0.078,66
1897,0.0785,66
1898,0.079,66
1899,0.0795,66
1900,0.08,66
1901,0.0805,66
1902,0.081,66
1903,0.0815,66
1904,0.082,66
1905,0.0825,66
1906,0.083,66
1907,0.0835,66
1908,0.084,66
1909,0.0845,66
1910,0.085,66
1911,0.0855,66
1912,0.08600000000000001,66
1913,0.08650000000000001,66
1914,0.08700000000000001,66
1915,0.08750000000000001,66
1916,0.088,66
1917,0.0885,66
1918,0.089,66
1919,0.0895,66
1920,0.09,66
1921,0.0905,66
1922,0.091,66
1923,0.0915,66
1924,0.092,66
1925,0.0925,66
1926,0.093,66
1927,0.0935,66
1928,0.094,66
1929,0.0945,66
1930,0.095,66
1931,0.0955,66
1932,0.096,66
1933,0.0965,66
1934,0.097,66
1935,0.0975,66
1936,0.0565,67
1937,0.057,67
1938,0.0575,67
1939,0.058,67
1940,0.0585,67
1941,0.059000000000000004,67
1942,0.059500000000000004,67
1943,0.06,67
1944,0.0605,67
1945,0.061,67
1946,0.0615,67
1947,0.062,67
1948,0.0625,67
1949,0.063,67
1950,0.0635,67
1951,0.064,67
1952,0.0645,67
1953,0.065,67
1954,0.0655,67
1955,0.066,67
1956,0.0665,67
1957,0.067,67
1958,0.0675,67
1959,0.068,67
1960,0.0685,67
1961,0.069,67
1962,0.0695,67
1963,0.07,67
1964,0.07050000000000001,67
1965,0.07100000000000001,67
1966,0.07150000000000001,67
1967,0.07200000000000001,67
1968,0.0725,67
1969,0.073,67
1970,0.0735,67
1971,0.074,67
1972,0.0745,67
1973,0.075,67
1974,0.0755,67
1975,0.076,67
1976,0.0765,67
1977,0.077,67
1978,0.0775,67
1979,0.078,67
1980,0.0785,67
1981,0.079,67
1982,0.0795,67
1983,0.08,67
1984,0.0805,67
1985,0.081,67
1986,0.0815,67
1987,0.082,67
1988,0.0825,67
1989,0.083,67
1990,0.0835,67
1991,0.084,67
1992,0.0845,67
1993,0.085,67
1994,0.0855,67
1995,0.08600000000000001,67
1996,0.08650000000000001,67
1997,0.08700000000000001,67
1998,0.08750000000000001,67
1999,0.088,67
2000,0.0885,67
2001,0.089,67
2002,0.0895,67
2003,0.09,67
2004,0.0905,67
2005,0.091,67
2006,0.0915,67
2007,0.092,67
2008,0.0925,67
2009,0.093,67
2010,0.0935,67
2011,0.094,67
2012,0.0945,67
2013,0.095,67
2014,0.0955,67
2015,0.096,67
2016,0.0965,67
2017,0.0555,68
2018,0.056,68
2019,0.0565,68
2020,0.057,68
2021,0.0575,68
2022,0.058,68
2023,0.0585,68
2024,0.059000000000000004,68
2025,0.059500000000000004,68
2026,0.06,68
2027,0.0605,68
2028,0.061,68
2029,0.0615,68
2030,0.062,68
2031,0.0625,68
2032,0.063,68
2033,0.0635,68
2034,0.064,68
2035,0.0645,68
2036,0.065,68
2037,0.0655,68
2038,0.066,68
2039,0.0665,68
2040,0.067,68
2041,0.0675,68
2042,0.068,68
2043,0.0685,68
2044,0.069,68
2045,0.0695,68
2046,0.07,68
2047,0.07050000000000001,68
2048,0.07100000000000001,68
2049,0.07150000000000001,68
2050,0.07200000000000001,68
2051,0.0725,68
2052,0.073,68
2053,0.0735,68
2054,0.074,68
2055,0.0745,68
2056,0.075,68
2057,0.0755,68
2058,0.076,68
2059,0.0765,68
2060,0.077,68
2061,0.0775,68
2062,0.078,68
2063,0.0785,68
2064,0.079,68
2065,0.0795,68
2066,0.08,68
2067,0.0805,68
2068,0.081,68
2069,0.0815,68
2070,0.082,68
2071,0.0825,68
2072,0.083,68
2073,0.0835,68
2074,0.084,68
2075,0.0845,68
2076,0.085,68
2077,0.0855,68
2078,0.08600000000000001,68
2079,0.08650000000000001,68
2080,0.08700000000000001,68
2081,0.08750000000000001,68
2082,0.088,68
2083,0.0885,68
2084,0.089,68
2085,0.0895,68
2086,0.09,68
2087,0.0905,68
2088,0.091,68
2089,0.0915,68
2090,0.092,68
2091,0.0925,68
2092,0.093,68
2093,0.0935,68
2094,0.094,68
2095,0.0945,68
2096,0.095,68
2097,0.0955,68
2098,0.0545,69
2099,0.055,69
2100,0.0555,69
2101,0.056,69
2102,0.0565,69
2103,0.057,69
2104,0.0575,69
2105,0.058,69
2106,0.0585,69
2107,0.059000000000000004,69
2108,0.059500000000000004,69
2109,0.06,69
2110,0.0605,69
2111,0.061,69
2112,0.0615,69
2113,0.062,69
2114,0.0625,69
2115,0.063,69
2116,0.0635,69
2117,0.064,69
2118,0.0645,69
2119,0.065,69
2120,0.0655,69
2121,0.066,69
2122,0.0665,69
2123,0.067,69
2124,0.0675,69
2125,0.068,69
2126,0.0685,69
2127,0.069,69
2128,0.0695,69
2129,0.07,69
2130,0.07050000000000001,69
2131,0.07100000000000001,69
2132,0.07150000000000001,69
2133,0.07200000000000001,69
2134,0.0725,69
2135,0.073,69
2136,0.0735,69
2137,0.074,69
2138,0.0745,69
2139,0.075,69
2140,0.0755,69
2141,0.076,69
2142,0.0765,69
2143,0.077,69
2144,0.0775,69
2145,0.078,69
2146,0.0785,69
2147,0.079,69
2148,0.0795,69
2149,0.08,69
2150,0.0805,69
2151,0.081,69
2152,0.0815,69
2153,0.082,69
2154,0.0825,69
2155,0.083,69
2156,0.0835,69
2157,0.084,69
2158,0.0845,69
2159,0.085,69
2160,0.0855,69
2161,0.08600000000000001,69
2162,0.08650000000000001,69
2163,0.08700000000000001,69
2164,0.08750000000000001,69
2165,0.088,69
2166,0.0885,69
2167,0.089,69
2168,0.0895,69
2169,0.09,69
2170,0.0905,69
2171,0.091,69
2172,0.0915,69
2173,0.092,69
2174,0.0925,69
2175,0.093,69
2176,0.0935,69
2177,0.094,69
2178,0.0945,69
2179,0.053,70
2180,0.0535,70
2181,0.054,70
2182,0.0545,70
2183,0.055,70
2184,0.0555,70
2185,0.056,70
2186,0.0565,70
2187,0.057,70
2188,0.0575,70
2189,0.058,70
2190,0.0585,70
2191,0.059000000000000004,70
2192,0.059500000000000004,70
2193,0.06,70
2194,0.0605,70
2195,0.061,70
2196,0.0615,70
2197,0.062,70
2198,0.0625,70
2199,0.063,70
2200,0.0635,70
2201,0.064,70
2202,0.0645,70
2203,0.065,70
2204,0.0655,70
2205,0.066,70
2206,0.0665,70
2207,0.067,70
2208,0.0675,70
2209,0.068,70
2210,0.0685,70
2211,0.069,70
2212,0.0695,70
2213,0.07,70
2214,0.07050000000000001,70
2215,0.07100000000000001,70
2216,0.07150000000000001,70
2217,0.07200000000000001,70
2218,0.0725,70
2219,0.073,70
2220,0.0735,70
2221,0.074,70
2222,0.0745,70
2223,0.075,70
2224,0.0755,70
2225,0.076,70
2226,0.0765,70
2227,0.077,70
2228,0.0775,70
2229,0.078,70
2230,0.0785,70
2231,0.079,70
2232,0.0795,70
2233,0.08,70
2234,0.0805,70
2235,0.081,70
2236,0.0815,70
2237,0.082,70
2238,0.0825,70
2239,0.083,70
2240,0.0835,70
2241,0.084,70
2242,0.0845,70
2243,0.085,70
2244,0.0855,70
2245,0.08600000000000001,70
2246,0.08650000000000001,70
2247,0.08700000000000001,70
2248,0.08750000000000001,70
2249,0.088,70
2250,0.0885,70
2251,0.089,70
2252,0.0895,70
2253,0.09,70
2254,0.0905,70
2255,0.091,70
2256,0.0915,70
2257,0.092,70
2258,0.0925,70
2259,0.093,70
2260,0.052000000000000005,71
2261,0.0525,71
2262,0.053,71
2263,0.0535,71
2264,0.054,71
2265,0.0545,71
2266,0.055,71
2267,0.0555,71
2268,0.056,71
2269,0.0565,71
2270,0.057,71
2271,0.0575,71
2272,0.058,71
2273,0.0585,71
2274,0.059000000000000004,71
2275,0.059500000000000004,71
2276,0.06,71
2277,0.0605,71
2278,0.061,71
2279,0.0615,71
2280,0.062,71
2281,0.0625,71
2282,0.063,71
2283,0.0635,71
2284,0.064,71
2285,0.0645,71
2286,0.065,71
2287,0.0655,71
2288,0.066,71
2289,0.0665,71
2290,0.067,71
2291,0.0675,71
2292,0.068,71
2293,0.0685,71
2294,0.069,71
2295,0.0695,71
2296,0.07,71
2297,0.07050000000000001,71
2298,0.07100000000000001,71
2299,0.07150000000000001,71
2300,0.07200000000000001,71
2301,0.0725,71
2302,0.073,71
2303,0.0735,71
2304,0.074,71
2305,0.0745,71
2306,0.075,71
2307,0.0755,71
2308,0.076,71
2309,0.0765,71
2310,0.077,71
2311,0.0775,71
2312,0.078,71
2313,0.0785,71
2314,0.079,71
2315,0.0795,71
2316,0.08,71
2317,0.0805,71
2318,0.081,71
2319,0.0815,71
2320,0.082,71
2321,0.0825,71
2322,0.083,71
2323,0.0835,71
2324,0.084,71
2325,0.0845,71
2326,0.085,71
2327,0.0855,71
2328,0.08600000000000001,71
2329,0.08650000000000001,71
2330,0.08700000000000001,71
2331,0.08750000000000001,71
2332,0.088,71
2333,0.0885,71
2334,0.089,71
2335,0.0895,71
2336,0.09,71
2337,0.0905,71
2338,0.091,71
2339,0.0915,71
2340,0.092,71
2341,0.051000000000000004,72
2342,0.051500000000000004,72
2343,0.052000000000000005,72
2344,0.0525,72
2345,0.053,72
2346,0.0535,72
2347,0.054,72
2348,0.0545,72
2349,0.055,72
2350,0.0555,72
2351,0.056,72
2352,0.0565,72
2353,0.057,72
2354,0.0575,72
2355,0.058,72
2356,0.0585,72
2357,0.059000000000000004,72
2358,0.059500000000000004,72
2359,0.06,72
2360,0.0605,72
2361,0.061,72
2362,0.0615,72
2363,0.062,72
2364,0.0625,72
2365,0.063,72
2366,0.0635,72
2367,0.064,72
2368,0.0645,72
2369,0.065,72
2370,0.0655,72
2371,0.066,72
2372,0.0665,72
2373,0.067,72
2374,0.0675,72
2375,0.068,72
2376,0.0685,72
2377,0.069,72
2378,0.0695,72
2379,0.07,72
2380,0.07050000000000001,72
2381,0.07100000000000001,72
2382,0.07150000000000001,72
2383,0.07200000000000001,72
2384,0.0725,72
2385,0.073,72
2386,0.0735,72
2387,0.074,72
2388,0.0745,72
2389,0.075,72
2390,0.0755,72
2391,0.076,72
2392,0.0765,72
2393,0.077,72
2394,0.0775,72
2395,0.078,72
2396,0.0785,72
2397,0.079,72
2398,0.0795,72
2399,0.08,72
2400,0.0805,72
2401,0.081,72
2402,0.0815,72
2403,0.082,72
2404,0.0825,72
2405,0.083,72
2406,0.0835,72
2407,0.084,72
2408,0.0845,72
2409,0.085,72
2410,0.0855,72
2411,0.08600000000000001,72
2412,0.08650000000000001,72
2413,0.08700000000000001,72
2414,0.08750000000000001,72
2415,0.088,72
2416,0.0885,72
2417,0.089,72
2418,0.0895,72
2419,0.09,72
2420,0.0905,72
2421,0.091,72
2422,0.05,73
2423,0.0505,73
2424,0.051000000000000004,73
2425,0.051500000000000004,73
2426,0.052000000000000005,73
2427,0.0525,73
2428,0.053,73
2429,0.0535,73
2430,0.054,73
2431,0.0545,73
2432,0.055,73
2433,0.0555,73
2434,0.056,73
2435,0.0565,73
2436,0.057,73
2437,0.0575,73
2438,0.058,73
2439,0.0585,73
2440,0.059000000000000004,73
2441,0.059500000000000004,73
2442,0.06,73
2443,0.0605,73
2444,0.061,73
2445,0.0615,73
2446,0.062,73
2447,0.0625,73
2448,0.063,73
2449,0.0635,73
2450,0.064,73
2451,0.0645,73
2452,0.065,73
2453,0.0655,73
2454,0.066,73
2455,0.0665,73
2456,0.067,73
2457,0.0675,73
2458,0.068,73
2459,0.0685,73
2460,0.069,73
2461,0.0695,73
2462,0.07,73
2463,0.07050000000000001,73
2464,0.07100000000000001,73
2465,0.07150000000000001,73
2466,0.07200000000000001,73
2467,0.0725,73
2468,0.073,73
2469,0.0735,73
2470,0.074,73
2471,0.0745,73
2472,0.075,73
2473,0.0755,73
2474,0.076,73
2475,0.0765,73
2476,0.077,73
2477,0.0775,73
2478,0.078,73
2479,0.0785,73
2480,0.079,73
2481,0.0795,73
2482,0.08,73
2483,0.0805,73
2484,0.081,73
2485,0.0815,73
2486,0.082,73
2487,0.0825,73
2488,0.083,73
2489,0.0835,73
2490,0.084,73
2491,0.0845,73
2492,0.085,73
2493,0.0855,73
2494,0.08600000000000001,73
2495,0.08650000000000001,73
2496,0.08700000000000001,73
2497,0.08750000000000001,73
2498,0.088,73
2499,0.0885,73
2500,0.089,73
2501,0.0895,73
2502,0.09,73
2503,0.049,74
2504,0.0495,74
2505,0.05,74
2506,0.0505,74
2507,0.051000000000000004,74
2508,0.051500000000000004,74
2509,0.052000000000000005,74
2510,0.0525,74
2511,0.053,74
2512,0.0535,74
2513,0.054,74
2514,0.0545,74
2515,0.055,74
2516,0.0555,74
2517,0.056,74
2518,0.0565,74
2519,0.057,74
2520,0.0575,74
2521,0.058,74
2522,0.0585,74
2523,0.059000000000000004,74
2524,0.059500000000000004,74
2525,0.06,74
2526,0.0605,74
2527,0.061,74
2528,0.0615,74
2529,0.062,74
2530,0.0625,74
2531,0.063,74
2532,0.0635,74
2533,0.064,74
2534,0.0645,74
2535,0.065,74
2536,0.0655,74
2537,0.066,74
2538,0.0665,74
2539,0.067,74
2540,0.0675,74
2541,0.068,74
2542,0.0685,74
2543,0.069,74
2544,0.0695,74
2545,0.07,74
2546,0.07050000000000001,74
2547,0.07100000000000001,74
2548,0.07150000000000001,74
2549,0.07200000000000001,74
2550,0.0725,74
2551,0.073,74
2552,0.0735,74
2553,0.074,74
2554,0.0745,74
2555,0.075,74
2556,0.0755,74
2557,0.076,74
2558,0.0765,74
2559,0.077,74
2560,0.0775,74
2561,0.078,74
2562,0.0785,74
2563,0.079,74
2564,0.0795,74
2565,0.08,74
2566,0.0805,74
2567,0.081,74
2568,0.0815,74
2569,0.082,74
2570,0.0825,74
2571,0.083,74
2572,0.0835,74
2573,0.084,74
2574,0.0845,74
2575,0.085,74
2576,0.0855,74
2577,0.08600000000000001,74
2578,0.08650000000000001,74
2579,0.08700000000000001,74
2580,0.08750000000000001,74
2581,0.088,74
2582,0.0885,74
2583,0.089,74
2584,0.0895,74
2585,0.0485,75
2586,0.049,75
2587,0.0495,75
2588,0.05,75
2589,0.0505,75
2590,0.051000000000000004,75
2591,0.051500000000000004,75
2592,0.052000000000000005,75
2593,0.0525,75
2594,0.053,75
2595,0.0535,75
2596,0.054,75
2597,0.0545,75
2598,0.055,75
2599,0.0555,75
2600,0.056,75
2601,0.0565,75
2602,0.057,75
2603,0.0575,75
2604,0.058,75
2605,0.0585,75
2606,0.059000000000000004,75
2607,0.059500000000000004,75
2608,0.06,75
2609,0.0605,75
2610,0.061,75
2611,0.0615,75
2612,0.062,75
2613,0.0625,75
2614,0.063,75
2615,0.0635,75
2616,0.064,75
2617,0.0645,75
2618,0.065,75
2619,0.0655,75
2620,0.066,75
2621,0.0665,75
2622,0.067,75
2623,0.0675,75
2624,0.068,75
2625,0.0685,75
2626,0.069,75
2627,0.0695,75
2628,0.07,75
2629,0.07050000000000001,75
2630,0.07100000000000001,75
2631,0.07150000000000001,75
2632,0.07200000000000001,75
2633,0.0725,75
2634,0.073,75
2635,0.0735,75
2636,0.074,75
2637,0.0745,75
2638,0.075,75
2639,0.0755,75
2640,0.076,75
2641,0.0765,75
2642,0.077,75
2643,0.0775,75
2644,0.078,75
2645,0.0785,75
2646,0.079,75
2647,0.0795,75
2648,0.08,75
2649,0.0805,75
2650,0.081,75
2651,0.0815,75
2652,0.082,75
2653,0.0825,75
2654,0.083,75
2655,0.0835,75
2656,0.084,75
2657,0.0845,75
2658,0.085,75
2659,0.0855,75
2660,0.08600000000000001,75
2661,0.08650000000000001,75
2662,0.08700000000000001,75
2663,0.08750000000000001,75
2664,0.088,75
2665,0.0885,75
2666,0.0475,76
2667,0.048,76
2668,0.0485,76
2669,0.049,76
2670,0.0495,76
2671,0.05,76
2672,0.0505,76
2673,0.051000000000000004,76
2674,0.051500000000000004,76
2675,0.052000000000000005,76
2676,0.0525,76
2677,0.053,76
2678,0.0535,76
2679,0.054,76
2680,0.0545,76
2681,0.055,76
2682,0.0555,76
2683,0.056,76
2684,0.0565,76
2685,0.057,76
2686,0.0575,76
2687,0.058,76
2688,0.0585,76
2689,0.059000000000000004,76
2690,0.059500000000000004,76
2691,0.06,76
2692,0.0605,76
2693,0.061,76
2694,0.0615,76
2695,0.062,76
2696,0.0625,76
2697,0.063,76
2698,0.0635,76
2699,0.064,76
2700,0.0645,76
2701,0.065,76
2702,0.0655,76
2703,0.066,76
2704,0.0665,76
2705,0.067,76
2706,0.0675,76
2707,0.068,76
2708,0.0685,76
2709,0.069,76
2710,0.0695,76
2711,0.07,76
2712,0.07050000000000001,76
2713,0.07100000000000001,76
2714,0.07150000000000001,76
2715,0.07200000000000001,76
2716,0.0725,76
2717,0.073,76
2718,0.0735,76
2719,0.074,76
2720,0.0745,76
2721,0.075,76
2722,0.0755,76
2723,0.076,76
2724,0.0765,76
2725,0.077,76
2726,0.0775,76
2727,0.078,76
2728,0.0785,76
2729,0.079,76
2730,0.0795,76
2731,0.08,76
2732,0.0805,76
2733,0.081,76
2734,0.0815,76
2735,0.082,76
2736,0.0825,76
2737,0.083,76
2738,0.0835,76
2739,0.084,76
2740,0.0845,76
2741,0.085,76
2742,0.0855,76
2743,0.08600000000000001,76
2744,0.08650000000000001,76
2745,0.08700000000000001,76
2746,0.08750000000000001,76
2747,0.0465,77
2748,0.047,77
2749,0.0475,77
2750,0.048,77
2751,0.0485,77
2752,0.049,77
2753,0.0495,77
2754,0.05,77
2755,0.0505,77
2756,0.051000000000000004,77
2757,0.051500000000000004,77
2758,0.052000000000000005,77
2759,0.0525,77
2760,0.053,77
2761,0.0535,77
2762,0.054,77
2763,0.0545,77
2764,0.055,77
2765,0.0555,77
2766,0.056,77
2767,0.0565,77
2768,0.057,77
2769,0.0575,77
2770,0.058,77
2771,0.0585,77
2772,0.059000000000000004,77
2773,0.059500000000000004,77
2774,0.06,77
2775,0.0605,77
2776,0.061,77
2777,0.0615,77
2778,0.062,77
2779,0.0625,77
2780,0.063,77
2781,0.0635,77
2782,0.064,77
2783,0.0645,77
2784,0.065,77
2785,0.0655,77
2786,0.066,77
2787,0.0665,77
2788,0.067,77
2789,0.0675,77
2790,0.068,77
2791,0.0685,77
2792,0.069,77
2793,0.0695,77
2794,0.07,77
2795,0.07050000000000001,77
2796,0.07100000000000001,77
2797,0.07150000000000001,77
2798,0.07200000000000001,77
2799,0.0725,77
2800,0.073,77
2801,0.0735,77
2802,0.074,77
2803,0.0745,77
2804,0.075,77
2805,0.0755,77
2806,0.076,77
2807,0.0765,77
2808,0.077,77
2809,0.0775,77
2810,0.078,77
2811,0.0785,77
2812,0.079,77
2813,0.0795,77
2814,0.08,77
2815,0.0805,77
2816,0.081,77
2817,0.0815,77
2818,0.082,77
2819,0.0825,77
2820,0.083,77
2821,0.0835,77
2822,0.084,77
2823,0.0845,77
2824,0.085,77
2825,0.0855,77
2826,0.08600000000000001,77
2827,0.08650000000000001,77
2828,0.0455,78
2829,0.046,78
2830,0.0465,78
2831,0.047,78
2832,0.0475,78
2833,0.048,78
2834,0.0485,78
2835,0.049,78
2836,0.0495,78
2837,0.05,78
2838,0.0505,78
2839,0.051000000000000004,78
2840,0.051500000000000004,78
2841,0.052000000000000005,78
2842,0.0525,78
2843,0.053,78
2844,0.0535,78
2845,0.054,78
2846,0.0545,78
2847,0.055,78
2848,0.0555,78
2849,0.056,78
2850,0.0565,78
2851,0.057,78
2852,0.0575,78
2853,0.058,78
2854,0.0585,78
2855,0.059000000000000004,78
2856,0.059500000000000004,78
2857,0.06,78
2858,0.0605,78
2859,0.061,78
2860,0.0615,78
2861,0.062,78
2862,0.0625,78
2863,0.063,78
2864,0.0635,78
2865,0.064,78
2866,0.0645,78
2867,0.065,78
2868,0.0655,78
2869,0.066,78
2870,0.0665,78
2871,0.067,78
2872,0.0675,78
2873,0.068,78
2874,0.0685,78
2875,0.069,78
2876,0.0695,78
2877,0.07,78
2878,0.07050000000000001,78
2879,0.07100000000000001,78
2880,0.07150000000000001,78
2881,0.07200000000000001,78
2882,0.0725,78
2883,0.073,78
2884,0.0735,78
2885,0.074,78
2886,0.0745,78
2887,0.075,78
2888,0.0755,78
2889,0.076,78
2890,0.0765,78
2891,0.077,78
2892,0.0775,78
2893,0.078,78
2894,0.0785,78
2895,0.079,78
2896,0.0795,78
2897,0.08,78
2898,0.0805,78
2899,0.081,78
2900,0.0815,78
2901,0.082,78
2902,0.0825,78
2903,0.083,78
2904,0.0835,78
2905,0.084,78
2906,0.0845,78
2907,0.085,78
2908,0.0855,78
2909,0.045,79
2910,0.0455,79
2911,0.046,79
2912,0.0465,79
2913,0.047,79
2914,0.0475,79
2915,0.048,79
2916,0.0485,79
2917,0.049,79
2918,0.0495,79
2919,0.05,79
2920,0.0505,79
2921,0.051000000000000004,79
2922,0.051500000000000004,79
2923,0.052000000000000005,79
2924,0.0525,79
2925,0.053,79
2926,0.0535,79
2927,0.054,79
2928,0.0545,79
2929,0.055,79
2930,0.0555,79
2931,0.056,79
2932,0.0565,79
2933,0.057,79
2934,0.0575,79
2935,0.058,79
2936,0.0585,79
2937,0.059000000000000004,79
2938,0.059500000000000004,79
2939,0.06,79
2940,0.0605,79
2941,0.061,79
2942,0.0615,79
2943,0.062,79
2944,0.0625,79
2945,0.063,79
2946,0.0635,79
2947,0.064,79
2948,0.0645,79
2949,0.065,79
2950,0.0655,79
2951,0.066,79
2952,0.0665,79
2953,0.067,79
2954,0.0675,79
2955,0.068,79
2956,0.0685,79
2957,0.069,79
2958,0.0695,79
2959,0.07,79
2960,0.07050000000000001,79
2961,0.07100000000000001,79
2962,0.07150000000000001,79
2963,0.07200000000000001,79
2964,0.0725,79
2965,0.073,79
2966,0.0735,79
2967,0.074,79
2968,0.0745,79
2969,0.075,79
2970,0.0755,79
2971,0.076,79
2972,0.0765,79
2973,0.077,79
2974,0.0775,79
2975,0.078,79
2976,0.0785,79
2977,0.079,79
2978,0.0795,79
2979,0.08,79
2980,0.0805,79
2981,0.081,79
2982,0.0815,79
2983,0.082,79
2984,0.0825,79
2985,0.083,79
2986,0.0835,79
2987,0.084,79
2988,0.0845,79
2989,0.085,79
2990,0.044,80
2991,0.0445,80
2992,0.045,80
2993,0.0455,80
2994,0.046,80
2995,0.0465,80
2996,0.047,80
2997,0.0475,80
2998,0.048,80
2999,0.0485,80
3000,0.049,80
3001,0.0495,80
3002,0.05,80
3003,0.0505,80
3004,0.051000000000000004,80
3005,0.051500000000000004,80
3006,0.052000000000000005,80
3007,0.0525,80
3008,0.053,80
3009,0.0535,80
3010,0.054,80
3011,0.0545,80
3012,0.055,80
3013,0.0555,80
3014,0.056,80
3015,0.0565,80
3016,0.057,80
3017,0.0575,80
3018,0.058,80
3019,0.0585,80
3020,0.059000000000000004,80
3021,0.059500000000000004,80
3022,0.06,80
3023,0.0605,80
3024,0.061,80
3025,0.0615,80
3026,0.062,80
3027,0.0625,80
3028,0.063,80
3029,0.0635,80
3030,0.064,80
3031,0.0645,80
3032,0.065,80
3033,0.0655,80
3034,0.066,80
3035,0.0665,80
3036,0.067,80
3037,0.0675,80
3038,0.068,80
3039,0.0685,80
3040,0.069,80
3041,0.0695,80
3042,0.07,80
3043,0.07050000000000001,80
3044,0.07100000000000001,80
3045,0.07150000000000001,80
3046,0.07200000000000001,80
3047,0.0725,80
3048,0.073,80
3049,0.0735,80
3050,0.074,80
3051,0.0745,80
3052,0.075,80
3053,0.0755,80
3054,0.076,80
3055,0.0765,80
3056,0.077,80
3057,0.0775,80
3058,0.078,80
3059,0.0785,80
3060,0.079,80
3061,0.0795,80
3062,0.08,80
3063,0.0805,80
3064,0.081,80
3065,0.0815,80
3066,0.082,80
3067,0.0825,80
3068,0.083,80
3069,0.0835,80
3070,0.084,80
3071,0.043500000000000004,81
3072,0.044,81
3073,0.0445,81
3074,0.045,81
3075,0.0455,81
3076,0.046,81
3077,0.0465,81
3078,0.047,81
3079,0.0475,81
3080,0.048,81
3081,0.0485,81
3082,0.049,81
3083,0.0495,81
3084,0.05,81
3085,0.0505,81
3086,0.051000000000000004,81
3087,0.051500000000000004,81
3088,0.052000000000000005,81
3089,0.0525,81
3090,0.053,81
3091,0.0535,81
3092,0.054,81
3093,0.0545,81
3094,0.055,81
3095,0.0555,81
3096,0.056,81
3097,0.0565,81
3098,0.057,81
3099,0.0575,81
3100,0.058,81
3101,0.0585,81
3102,0.059000000000000004,81
3103,0.059500000000000004,81
3104,0.06,81
3105,0.0605,81
3106,0.061,81
3107,0.0615,81
3108,0.062,81
3109,0.0625,81
3110,0.063,81
3111,0.0635,81
3112,0.064,81
3113,0.0645,81
3114,0.065,81
3115,0.0655,81
3116,0.066,81
3117,0.0665,81
3118,0.067,81
3119,0.0675,81
3120,0.068,81
3121,0.0685,81
3122,0.069,81
3123,0.0695,81
3124,0.07,81
3125,0.07050000000000001,81
3126,0.07100000000000001,81
3127,0.07150000000000001,81
3128,0.07200000000000001,81
3129,0.0725,81
3130,0.073,81
3131,0.0735,81
3132,0.074,81
3133,0.0745,81
3134,0.075,81
3135,0.0755,81
3136,0.076,81
3137,0.0765,81
3138,0.077,81
3139,0.0775,81
3140,0.078,81
3141,0.0785,81
3142,0.079,81
3143,0.0795,81
3144,0.08,81
3145,0.0805,81
3146,0.081,81
3147,0.0815,81
3148,0.082,81
3149,0.0825,81
3150,0.083,81
3151,0.0425,82
3152,0.043000000000000003,82
3153,0.043500000000000004,82
3154,0.044,82
3155,0.0445,82
3156,0.045,82
3157,0.0455,82
3158,0.046,82
3159,0.0465,82
3160,0.047,82
3161,0.0475,82
3162,0.048,82
3163,0.0485,82
3164,0.049,82
3165,0.0495,82
3166,0.05,82
3167,0.0505,82
3168,0.051000000000000004,82
3169,0.051500000000000004,82
3170,0.052000000000000005,82
3171,0.0525,82
3172,0.053,82
3173,0.0535,82
3174,0.054,82
3175,0.0545,82
3176,0.055,82
3177,0.0555,82
3178,0.056,82
3179,0.0565,82
3180,0.057,82
3181,0.0575,82
3182,0.058,82
3183,0.0585,82
3184,0.059000000000000004,82
3185,0.059500000000000004,82
3186,0.06,82
3187,0.0605,82
3188,0.061,82
3189,0.0615,82
3190,0.062,82
3191,0.0625,82
3192,0.063,82
3193,0.0635,82
3194,0.064,82
3195,0.0645,82
3196,0.065,82
3197,0.0655,82
3198,0.066,82
3199,0.0665,82
3200,0.067,82
3201,0.0675,82
3202,0.068,82
3203,0.0685,82
3204,0.069,82
3205,0.0695,82
3206,0.07,82
3207,0.07050000000000001,82
3208,0.07100000000000001,82
3209,0.07150000000000001,82
3210,0.07200000000000001,82
3211,0.0725,82
3212,0.073,82
3213,0.0735,82
3214,0.074,82
3215,0.0745,82
3216,0.075,82
3217,0.0755,82
3218,0.076,82
3219,0.0765,82
3220,0.077,82
3221,0.0775,82
3222,0.078,82
3223,0.0785,82
3224,0.079,82
3225,0.0795,82
3226,0.08,82
3227,0.0805,82
3228,0.081,82
3229,0.0815,82
3230,0.082,82
3231,0.0825,82
3232,0.042,83
3233,0.0425,83
3234,0.043000000000000003,83
3235,0.043500000000000004,83
3236,0.044,83
3237,0.0445,83
3238,0.045,83
3239,0.0455,83
3240,0.046,83
3241,0.0465,83
3242,0.047,83
3243,0.0475,83
3244,0.048,83
3245,0.0485,83
3246,0.049,83
3247,0.0495,83
3248,0.05,83
3249,0.0505,83
3250,0.051000000000000004,83
3251,0.051500000000000004,83
3252,0.052000000000000005,83
3253,0.0525,83
3254,0.053,83
3255,0.0535,83
3256,0.054,83
3257,0.0545,83
3258,0.055,83
3259,0.0555,83
3260,0.056,83
3261,0.0565,83
3262,0.057,83
3263,0.0575,83
3264,0.058,83
3265,0.0585,83
3266,0.059000000000000004,83
3267,0.059500000000000004,83
3268,0.06,83
3269,0.0605,83
3270,0.061,83
3271,0.0615,83
3272,0.062,83
3273,0.0625,83
3274,0.063,83
3275,0.0635,83
3276,0.064,83
3277,0.0645,83
3278,0.065,83
3279,0.0655,83
3280,0.066,83
3281,0.0665,83
3282,0.067,83
3283,0.0675,83
3284,0.068,83
3285,0.0685,83
3286,0.069,83
3287,0.0695,83
3288,0.07,83
3289,0.07050000000000001,83
3290,0.07100000000000001,83
3291,0.07150000000000001,83
3292,0.07200000000000001,83
3293,0.0725,83
3294,0.073,83
3295,0.0735,83
3296,0.074,83
3297,0.0745,83
3298,0.075,83
3299,0.0755,83
3300,0.076,83
3301,0.0765,83
3302,0.077,83
3303,0.0775,83
3304,0.078,83
3305,0.0785,83
3306,0.079,83
3307,0.0795,83
3308,0.08,83
3309,0.0805,83
3310,0.081,83
3311,0.0815,83
3312,0.0415,84
3313,0.042,84
3314,0.0425,84
3315,0.043000000000000003,84
3316,0.043500000000000004,84
3317,0.044,84
3318,0.0445,84
3319,0.045,84
3320,0.0455,84
3321,0.046,84
3322,0.0465,84
3323,0.047,84
3324,0.0475,84
3325,0.048,84
3326,0.0485,84
3327,0.049,84
3328,0.0495,84
3329,0.05,84
3330,0.0505,84
3331,0.051000000000000004,84
3332,0.051500000000000004,84
3333,0.052000000000000005,84
3334,0.0525,84
3335,0.053,84
3336,0.0535,84
3337,0.054,84
3338,0.0545,84
3339,0.055,84
3340,0.0555,84
3341,0.056,84
3342,0.0565,84
3343,0.057,84
3344,0.0575,84
3345,0.058,84
3346,0.0585,84
3347,0.059000000000000004,84
3348,0.059500000000000004,84
3349,0.06,84
3350,0.0605,84
3351,0.061,84
3352,0.0615,84
3353,0.062,84
3354,0.0625,84
3355,0.063,84
3356,0.0635,84
3357,0.064,84
3358,0.0645,84
3359,0.065,84
3360,0.0655,84
3361,0.066,84
3362,0.0665,84
3363,0.067,84
3364,0.0675,84
3365,0.068,84
3366,0.0685,84
3367,0.069,84
3368,0.0695,84
3369,0.07,84
3370,0.07050000000000001,84
3371,0.07100000000000001,84
3372,0.07150000000000001,84
3373,0.07200000000000001,84
3374,0.0725,84
3375,0.073,84
3376,0.0735,84
3377,0.074,84
3378,0.0745,84
3379,0.075,84
3380,0.0755,84
3381,0.076,84
3382,0.0765,84
3383,0.077,84
3384,0.0775,84
3385,0.078,84
3386,0.0785,84
3387,0.079,84
3388,0.0795,84
3389,0.08,84
3390,0.0805,84
3391,0.081,84
3392,0.0405,85
3393,0.041,85
3394,0.0415,85
3395,0.042,85
3396,0.0425,85
3397,0.043000000000000003,85
3398,0.043500000000000004,85
3399,0.044,85
3400,0.0445,85
3401,0.045,85
3402,0.0455,85
3403,0.046,85
3404,0.0465,85
3405,0.047,85
3406,0.0475,85
3407,0.048,85
3408,0.0485,85
3409,0.049,85
3410,0.0495,85
3411,0.05,85
3412,0.0505,85
3413,0.051000000000000004,85
3414,0.051500000000000004,85
3415,0.052000000000000005,85
3416,0.0525,85
3417,0.053,85
3418,0.0535,85
3419,0.054,85
3420,0.0545,85
3421,0.055,85
3422,0.0555,85
3423,0.056,85
3424,0.0565,85
3425,0.057,85
3426,0.0575,85
3427,0.058,85
3428,0.0585,85
3429,0.059000000000000004,85
3430,0.059500000000000004,85
3431,0.06,85
3432,0.0605,85
3433,0.061,85
3434,0.0615,85
3435,0.062,85
3436,0.0625,85
3437,0.063,85
3438,0.0635,85
3439,0.064,85
3440,0.0645,85
3441,0.065,85
3442,0.0655,85
3443,0.066,85
3444,0.0665,85
3445,0.067,85
3446,0.0675,85
3447,0.068,85
3448,0.0685,85
3449,0.069,85
3450,0.0695,85
3451,0.07,85
3452,0.07050000000000001,85
3453,0.07100000000000001,85
3454,0.07150000000000001,85
3455,0.07200000000000001,85
3456,0.0725,85
3457,0.073,85
3458,0.0735,85
3459,0.074,85
3460,0.0745,85
3461,0.075,85
3462,0.0755,85
3463,0.076,85
3464,0.0765,85
3465,0.077,85
3466,0.0775,85
3467,0.078,85
3468,0.0785,85
3469,0.079,85
3470,0.0795,85
3471,0.08,85
3472,0.04,86
3473,0.0405,86
3474,0.041,86
3475,0.0415,86
3476,0.042,86
3477,0.0425,86
3478,0.043000000000000003,86
3479,0.043500000000000004,86
3480,0.044,86
3481,0.0445,86
3482,0.045,86
3483,0.0455,86
3484,0.046,86
3485,0.0465,86
3486,0.047,86
3487,0.0475,86
3488,0.048,86
3489,0.0485,86
3490,0.049,86
3491,0.0495,86
3492,0.05,86
3493,0.0505,86
3494,0.051000000000000004,86
3495,0.051500000000000004,86
3496,0.052000000000000005,86
3497,0.0525,86
3498,0.053,86
3499,0.0535,86
3500,0.054,86
3501,0.0545,86
3502,0.055,86
3503,0.0555,86
3504,0.056,86
3505,0.0565,86
3506,0.057,86
3507,0.0575,86
3508,0.058,86
3509,0.0585,86
3510,0.059000000000000004,86
3511,0.059500000000000004,86
3512,0.06,86
3513,0.0605,86
3514,0.061,86
3515,0.0615,86
3516,0.062,86
3517,0.0625,86
3518,0.063,86
3519,0.0635,86
3520,0.064,86
3521,0.0645,86
3522,0.065,86
3523,0.0655,86
3524,0.066,86
3525,0.0665,86
3526,0.067,86
3527,0.0675,86
3528,0.068,86
3529,0.0685,86
3530,0.069,86
3531,0.0695,86
3532,0.07,86
3533,0.07050000000000001,86
3534,0.07100000000000001,86
3535,0.07150000000000001,86
3536,0.07200000000000001,86
3537,0.0725,86
3538,0.073,86
3539,0.0735,86
3540,0.074,86
3541,0.0745,86
3542,0.075,86
3543,0.0755,86
3544,0.076,86
3545,0.0765,86
3546,0.077,86
3547,0.0775,86
3548,0.078,86
3549,0.0785,86
3550,0.079,86
3551,0.0795,86
3552,0.0395,87
3553,0.04,87
3554,0.0405,87
3555,0.041,87
3556,0.0415,87
3557,0.042,87
3558,0.0425,87
3559,0.043000000000000003,87
3560,0.043500000000000004,87
3561,0.044,87
3562,0.0445,87
3563,0.045,87
3564,0.0455,87
3565,0.046,87
3566,0.0465,87
3567,0.047,87
3568,0.0475,87
3569,0.048,87
3570,0.0485,87
3571,0.049,87
3572,0.0495,87
3573,0.05,87
3574,0.0505,87
3575,0.051000000000000004,87
3576,0.051500000000000004,87
3577,0.052000000000000005,87
3578,0.0525,87
3579,0.053,87
3580,0.0535,87
3581,0.054,87
3582,0.0545,87
3583,0.055,87
3584,0.0555,87
3585,0.056,87
3586,0.0565,87
3587,0.057,87
3588,0.0575,87
3589,0.058,87
3590,0.0585,87
3591,0.059000000000000004,87
3592,0.059500000000000004,87
3593,0.06,87
3594,0.0605,87
3595,0.061,87
3596,0.0615,87
3597,0.062,87
3598,0.0625,87
3599,0.063,87
3600,0.0635,87
3601,0.064,87
3602,0.0645,87
3603,0.065,87
3604,0.0655,87
3605,0.066,87
3606,0.0665,87
3607,0.067,87
3608,0.0675,87
3609,0.068,87
3610,0.0685,87
3611,0.069,87
3612,0.0695,87
3613,0.07,87
3614,0.07050000000000001,87
3615,0.07100000000000001,87
3616,0.07150000000000001,87
3617,0.07200000000000001,87
3618,0.0725,87
3619,0.073,87
3620,0.0735,87
3621,0.074,87
3622,0.0745,87
3623,0.075,87
3624,0.0755,87
3625,0.076,87
3626,0.0765,87
3627,0.077,87
3628,0.0775,87
3629,0.078,87
3630,0.0785,87
3631,0.0385,88
3632,0.039,88
3633,0.0395,88
3634,0.04,88
3635,0.0405,88
3636,0.041,88
3637,0.0415,88
3638,0.042,88
3639,0.0425,88
3640,0.043000000000000003,88
3641,0.043500000000000004,88
3642,0.044,88
3643,0.0445,88
3644,0.045,88
3645,0.0455,88
3646,0.046,88
3647,0.0465,88
3648,0.047,88
3649,0.0475,88
3650,0.048,88
3651,0.0485,88
3652,0.049,88
3653,0.0495,88
3654,0.05,88
3655,0.0505,88
3656,0.051000000000000004,88
3657,0.051500000000000004,88
3658,0.052000000000000005,88
3659,0.0525,88
3660,0.053,88
3661,0.0535,88
3662,0.054,88
3663,0.0545,88
3664,0.055,88
3665,0.0555,88
3666,0.056,88
3667,0.0565,88
3668,0.057,88
3669,0.0575,88
3670,0.058,88
3671,0.0585,88
3672,0.059000000000000004,88
3673,0.059500000000000004,88
3674,0.06,88
3675,0.0605,88
3676,0.061,88
3677,0.0615,88
3678,0.062,88
3679,0.0625,88
3680,0.063,88
3681,0.0635,88
3682,0.064,88
3683,0.0645,88
3684,0.065,88
3685,0.0655,88
3686,0.066,88
3687,0.0665,88
3688,0.067,88
3689,0.0675,88
3690,0.068,88
3691,0.0685,88
3692,0.069,88
3693,0.0695,88
3694,0.07,88
3695,0.07050000000000001,88
3696,0.07100000000000001,88
3697,0.07150000000000001,88
3698,0.07200000000000001,88
3699,0.0725,88
3700,0.073,88
3701,0.0735,88
3702,0.074,88
3703,0.0745,88
3704,0.075,88
3705,0.0755,88
3706,0.076,88
3707,0.0765,88
3708,0.077,88
3709,0.0775,88
3710,0.078,88
3711,0.038,89
3712,0.0385,89
3713,0.039,89
3714,0.0395,89
3715,0.04,89
3716,0.0405,89
3717,0.041,89
3718,0.0415,89
3719,0.042,89
3720,0.0425,89
3721,0.043000000000000003,89
3722,0.043500000000000004,89
3723,0.044,89
3724,0.0445,89
3725,0.045,89
3726,0.0455,89
3727,0.046,89
3728,0.0465,89
3729,0.047,89
3730,0.0475,89
3731,0.048,89
3732,0.0485,89
3733,0.049,89
3734,0.0495,89
3735,0.05,89
3736,0.0505,89
3737,0.051000000000000004,89
3738,0.051500000000000004,89
3739,0.052000000000000005,89
3740,0.0525,89
3741,0.053,89
3742,0.0535,89
3743,0.054,89
3744,0.0545,89
3745,0.055,89
3746,0.0555,89
3747,0.056,89
3748,0.0565,89
3749,0.057,89
3750,0.0575,89
3751,0.058,89
3752,0.0585,89
3753,0.059000000000000004,89
3754,0.059500000000000004,89
3755,0.06,89
3756,0.0605,89
3757,0.061,89
3758,0.0615,89
3759,0.062,89
3760,0.0625,89
3761,0.063,89
3762,0.0635,89
3763,0.064,89
3764,0.0645,89
3765,0.065,89
3766,0.0655,89
3767,0.066,89
3768,0.0665,89
3769,0.067,89
3770,0.0675,89
3771,0.068,89
3772,0.0685,89
3773,0.069,89
3774,0.0695,89
3775,0.07,89
3776,0.07050000000000001,89
3777,0.07100000000000001,89
3778,0.07150000000000001,89
3779,0.07200000000000001,89
3780,0.0725,89
3781,0.073,89
3782,0.0735,89
3783,0.074,89
3784,0.0745,89
3785,0.075,89
3786,0.0755,89
3787,0.076,89
3788,0.0765,89
3789,0.077,89
3790,0.0375,90
3791,0.038,90
3792,0.0385,90
3793,0.039,90
3794,0.0395,90
3795,0.04,90
3796,0.0405,90
3797,0.041,90
3798,0.0415,90
3799,0.042,90
3800,0.0425,90
3801,0.043000000000000003,90
3802,0.043500000000000004,90
3803,0.044,90
3804,0.0445,90
3805,0.045,90
3806,0.0455,90
3807,0.046,90
3808,0.0465,90
3809,0.047,90
3810,0.0475,90
3811,0.048,90
3812,0.0485,90
3813,0.049,90
3814,0.0495,90
3815,0.05,90
3816,0.0505,90
3817,0.051000000000000004,90
3818,0.051500000000000004,90
3819,0.052000000000000005,90
3820,0.0525,90
3821,0.053,90
3822,0.0535,90
3823,0.054,90
3824,0.0545,90
3825,0.055,90
3826,0.0555,90
3827,0.056,90
3828,0.0565,90
3829,0.057,90
3830,0.0575,90
3831,0.058,90
3832,0.0585,90
3833,0.059000000000000004,90
3834,0.059500000000000004,90
3835,0.06,90
3836,0.0605,90
3837,0.061,90
3838,0.0615,90
3839,0.062,90
3840,0.0625,90
3841,0.063,90
3842,0.0635,90
3843,0.064,90
3844,0.0645,90
3845,0.065,90
3846,0.0655,90
3847,0.066,90
3848,0.0665,90
3849,0.067,90
3850,0.0675,90
3851,0.068,90
3852,0.0685,90
3853,0.069,90
3854,0.0695,90
3855,0.07,90
3856,0.07050000000000001,90
3857,0.07100000000000001,90
3858,0.07150000000000001,90
3859,0.07200000000000001,90
3860,0.0725,90
3861,0.073,90
3862,0.0735,90
3863,0.074,90
3864,0.0745,90
3865,0.075,90
3866,0.0755,90
3867,0.076,90
3868,0.0765,90
3869,0.037,91
3870,0.0375,91
3871,0.038,91
3872,0.0385,91
3873,0.039,91
3874,0.0395,91
3875,0.04,91
3876,0.0405,91
3877,0.041,91
3878,0.0415,91
3879,0.042,91
3880,0.0425,91
3881,0.043000000000000003,91
3882,0.043500000000000004,91
3883,0.044,91
3884,0.0445,91
3885,0.045,91
3886,0.0455,91
3887,0.046,91
3888,0.0465,91
3889,0.047,91
3890,0.0475,91
3891,0.048,91
3892,0.0485,91
3893,0.049,91
3894,0.0495,91
3895,0.05,91
3896,0.0505,91
3897,0.051000000000000004,91
3898,0.051500000000000004,91
3899,0.052000000000000005,91
3900,0.0525,91
3901,0.053,91
3902,0.0535,91
3903,0.054,91
3904,0.0545,91
3905,0.055,91
3906,0.0555,91
3907,0.056,91
3908,0.0565,91
3909,0.057,91
3910,0.0575,91
3911,0.058,91
3912,0.0585,91
3913,0.059000000000000004,91
3914,0.059500000000000004,91
3915,0.06,91
3916,0.0605,91
3917,0.061,91
3918,0.0615,91
3919,0.062,91
3920,0.0625,91
3921,0.063,91
3922,0.0635,91
3923,0.064,91
3924,0.0645,91
3925,0.065,91
3926,0.0655,91
3927,0.066,91
3928,0.0665,91
3929,0.067,91
3930,0.0675,91
3931,0.068,91
3932,0.0685,91
3933,0.069,91
3934,0.0695,91
3935,0.07,91
3936,0.07050000000000001,91
3937,0.07100000000000001,91
3938,0.07150000000000001,91
3939,0.07200000000000001,91
3940,0.0725,91
3941,0.073,91
3942,0.0735,91
3943,0.074,91
3944,0.0745,91
3945,0.075,91
3946,0.0755,91
3947,0.076,91
3948,0.0365,92
3949,0.037,92
3950,0.0375,92
3951,0.038,92
3952,0.0385,92
3953,0.039,92
3954,0.0395,92
3955,0.04,92
3956,0.0405,92
3957,0.041,92
3958,0.0415,92
3959,0.042,92
3960,0.0425,92
3961,0.043000000000000003,92
3962,0.043500000000000004,92
3963,0.044,92
3964,0.0445,92
3965,0.045,92
3966,0.0455,92
3967,0.046,92
3968,0.0465,92
3969,0.047,92
3970,0.0475,92
3971,0.048,92
3972,0.0485,92
3973,0.049,92
3974,0.0495,92
3975,0.05,92
3976,0.0505,92
3977,0.051000000000000004,92
3978,0.051500000000000004,92
3979,0.052000000000000005,92
3980,0.0525,92
3981,0.053,92
3982,0.0535,92
3983,0.054,92
3984,0.0545,92
3985,0.055,92
3986,0.0555,92
3987,0.056,92
3988,0.0565,92
3989,0.057,92
3990,0.0575,92
3991,0.058,92
3992,0.0585,92
3993,0.059000000000000004,92
3994,0.059500000000000004,92
3995,0.06,92
3996,0.0605,92
3997,0.061,92
3998,0.0615,92
3999,0.062,92
4000,0.0625,92
4001,0.063,92
4002,0.0635,92
4003,0.064,92
4004,0.0645,92
4005,0.065,92
4006,0.0655,92
4007,0.066,92
4008,0.0665,92
4009,0.067,92
4010,0.0675,92
4011,0.068,92
4012,0.0685,92
4013,0.069,92
4014,0.0695,92
4015,0.07,92
4016,0.07050000000000001,92
4017,0.07100000000000001,92
4018,0.07150000000000001,92
4019,0.07200000000000001,92
4020,0.0725,92
4021,0.073,92
4022,0.0735,92
4023,0.074,92
4024,0.0745,92
4025,0.075,92
4026,0.036000000000000004,93
4027,0.0365,93
4028,0.037,93
4029,0.0375,93
4030,0.038,93
4031,0.0385,93
4032,0.039,93
4033,0.0395,93
4034,0.04,93
4035,0.0405,93
4036,0.041,93
4037,0.0415,93
4038,0.042,93
4039,0.0425,93
4040,0.043000000000000003,93
4041,0.043500000000000004,93
4042,0.044,93
4043,0.0445,93
4044,0.045,93
4045,0.0455,93
4046,0.046,93
4047,0.0465,93
4048,0.047,93
4049,0.0475,93
4050,0.048,93
4051,0.0485,93
4052,0.049,93
4053,0.0495,93
4054,0.05,93
4055,0.0505,93
4056,0.051000000000000004,93
4057,0.051500000000000004,93
4058,0.052000000000000005,93
4059,0.0525,93
4060,0.053,93
4061,0.0535,93
4062,0.054,93
4063,0.0545,93
4064,0.055,93
4065,0.0555,93
4066,0.056,93
4067,0.0565,93
4068,0.057,93
4069,0.0575,93
4070,0.058,93
4071,0.0585,93
4072,0.059000000000000004,93
4073,0.059500000000000004,93
4074,0.06,93
4075,0.0605,93
4076,0.061,93
4077,0.0615,93
4078,0.062,93
4079,0.0625,93
4080,0.063,93
4081,0.0635,93
4082,0.064,93
4083,0.0645,93
4084,0.065,93
4085,0.0655,93
4086,0.066,93
4087,0.0665,93
4088,0.067,93
4089,0.0675,93
4090,0.068,93
4091,0.0685,93
4092,0.069,93
4093,0.0695,93
4094,0.07,93
4095,0.07050000000000001,93
4096,0.07100000000000001,93
4097,0.07150000000000001,93
4098,0.07200000000000001,93
4099,0.0725,93
4100,0.073,93
4101,0.0735,93
4102,0.074,93
4103,0.0745,93
4104,0.035500000000000004,94
4105,0.036000000000000004,94
4106,0.0365,94
4107,0.037,94
4108,0.0375,94
4109,0.038,94
4110,0.0385,94
4111,0.039,94
4112,0.0395,94
4113,0.04,94
4114,0.0405,94
4115,0.041,94
4116,0.0415,94
4117,0.042,94
4118,0.0425,94
4119,0.043000000000000003,94
4120,0.043500000000000004,94
4121,0.044,94
4122,0.0445,94
4123,0.045,94
4124,0.0455,94
4125,0.046,94
4126,0.0465,94
4127,0.047,94
4128,0.0475,94
4129,0.048,94
4130,0.0485,94
4131,0.049,94
4132,0.0495,94
4133,0.05,94
4134,0.0505,94
4135,0.051000000000000004,94
4136,0.051500000000000004,94
4137,0.052000000000000005,94
4138,0.0525,94
4139,0.053,94
4140,0.0535,94
4141,0.054,94
4142,0.0545,94
4143,0.055,94
4144,0.0555,94
4145,0.056,94
4146,0.0565,94
4147,0.057,94
4148,0.0575,94
4149,0.058,94
4150,0.0585,94
4151,0.059000000000000004,94
4152,0.059500000000000004,94
4153,0.06,94
4154,0.0605,94
4155,0.061,94
4156,0.0615,94
4157,0.062,94
4158,0.0625,94
4159,0.063,94
4160,0.0635,94
4161,0.064,94
4162,0.0645,94
4163,0.065,94
4164,0.0655,94
4165,0.066,94
4166,0.0665,94
4167,0.067,94
4168,0.0675,94
4169,0.068,94
4170,0.0685,94
4171,0.069,94
4172,0.0695,94
4173,0.07,94
4174,0.07050000000000001,94
4175,0.07100000000000001,94
4176,0.07150000000000001,94
4177,0.07200000000000001,94
4178,0.0725,94
4179,0.073,94
4180,0.0735,94
4181,0.074,94
4182,0.035,95
4183,0.035500000000000004,95
4184,0.036000000000000004,95
4185,0.0365,95
4186,0.037,95
4187,0.0375,95
4188,0.038,95
4189,0.0385,95
4190,0.039,95
4191,0.0395,95
4192,0.04,95
4193,0.0405,95
4194,0.041,95
4195,0.0415,95
4196,0.042,95
4197,0.0425,95
4198,0.043000000000000003,95
4199,0.043500000000000004,95
4200,0.044,95
4201,0.0445,95
4202,0.045,95
4203,0.0455,95
4204,0.046,95
4205,0.0465,95
4206,0.047,95
4207,0.0475,95
4208,0.048,95
4209,0.0485,95
4210,0.049,95
4211,0.0495,95
4212,0.05,95
4213,0.0505,95
4214,0.051000000000000004,95
4215,0.051500000000000004,95
4216,0.052000000000000005,95
4217,0.0525,95
4218,0.053,95
4219,0.0535,95
4220,0.054,95
4221,0.0545,95
4222,0.055,95
4223,0.0555,95
4224,0.056,95
4225,0.0565,95
4226,0.057,95
4227,0.0575,95
4228,0.058,95
4229,0.0585,95
4230,0.059000000000000004,95
4231,0.059500000000000004,95
4232,0.06,95
4233,0.0605,95
4234,0.061,95
4235,0.0615,95
4236,0.062,95
4237,0.0625,95
4238,0.063,95
4239,0.0635,95
4240,0.064,95
4241,0.0645,95
4242,0.065,95
4243,0.0655,95
4244,0.066,95
4245,0.0665,95
4246,0.067,95
4247,0.0675,95
4248,0.068,95
4249,0.0685,95
4250,0.069,95
4251,0.0695,95
4252,0.07,95
4253,0.07050000000000001,95
4254,0.07100000000000001,95
4255,0.07150000000000001,95
4256,0.07200000000000001,95
4257,0.0725,95
4258,0.073,95
4259,0.0345,96
4260,0.035,96
4261,0.035500000000000004,96
4262,0.036000000000000004,96
4263,0.0365,96
4264,0.037,96
4265,0.0375,96
4266,0.038,96
4267,0.0385,96
4268,0.039,96
4269,0.0395,96
4270,0.04,96
4271,0.0405,96
4272,0.041,96
4273,0.0415,96
4274,0.042,96
4275,0.0425,96
4276,0.043000000000000003,96
4277,0.043500000000000004,96
4278,0.044,96
4279,0.0445,96
4280,0.045,96
4281,0.0455,96
4282,0.046,96
4283,0.0465,96
4284,0.047,96
4285,0.0475,96
4286,0.048,96
4287,0.0485,96
4288,0.049,96
4289,0.0495,96
4290,0.05,96
4291,0.0505,96
4292,0.051000000000000004,96
4293,0.051500000000000004,96
4294,0.052000000000000005,96
4295,0.0525,96
4296,0.053,96
4297,0.0535,96
4298,0.054,96
4299,0.0545,96
4300,0.055,96
4301,0.0555,96
4302,0.056,96
4303,0.0565,96
4304,0.057,96
4305,0.0575,96
4306,0.058,96
4307,0.0585,96
4308,0.059000000000000004,96
4309,0.059500000000000004,96
4310,0.06,96
4311,0.0605,96
4312,0.061,96
4313,0.0615,96
4314,0.062,96
4315,0.0625,96
4316,0.063,96
4317,0.0635,96
4318,0.064,96
4319,0.0645,96
4320,0.065,96
4321,0.0655,96
4322,0.066,96
4323,0.0665,96
4324,0.067,96
4325,0.0675,96
4326,0.068,96
4327,0.0685,96
4328,0.069,96
4329,0.0695,96
4330,0.07,96
4331,0.07050000000000001,96
4332,0.07100000000000001,96
4333,0.07150000000000001,96
4334,0.07200000000000001,96
4335,0.0725,96
4336,0.034,97
4337,0.0345,97
4338,0.035,97
4339,0.035500000000000004,97
4340,0.036000000000000004,97
4341,0.0365,97
4342,0.037,97
4343,0.0375,97
4344,0.038,97
4345,0.0385,97
4346,0.039,97
4347,0.0395,97
4348,0.04,97
4349,0.0405,97
4350,0.041,97
4351,0.0415,97
4352,0.042,97
4353,0.0425,97
4354,0.043000000000000003,97
4355,0.043500000000000004,97
4356,0.044,97
4357,0.0445,97
4358,0.045,97
4359,0.0455,97
4360,0.046,97
4361,0.0465,97
4362,0.047,97
4363,0.0475,97
4364,0.048,97
4365,0.0485,97
4366,0.049,97
4367,0.0495,97
4368,0.05,97
4369,0.0505,97
4370,0.051000000000000004,97
4371,0.051500000000000004,97
4372,0.052000000000000005,97
4373,0.0525,97
4374,0.053,97
4375,0.0535,97
4376,0.054,97
4377,0.0545,97
4378,0.055,97
4379,0.0555,97
4380,0.056,97
4381,0.0565,97
4382,0.057,97
4383,0.0575,97
4384,0.058,97
4385,0.0585,97
4386,0.059000000000000004,97
4387,0.059500000000000004,97
4388,0.06,97
4389,0.0605,97
4390,0.061,97
4391,0.0615,97
4392,0.062,97
4393,0.0625,97
4394,0.063,97
4395,0.0635,97
4396,0.064,97
4397,0.0645,97
4398,0.065,97
4399,0.0655,97
4400,0.066,97
4401,0.0665,97
4402,0.067,97
4403,0.0675,97
4404,0.068,97
4405,0.0685,97
4406,0.069,97
4407,0.0695,97
4408,0.07,97
4409,0.07050000000000001,97
4410,0.07100000000000001,97
4411,0.07150000000000001,97
4412,0.07200000000000001,97
4413,0.0335,98
4414,0.034,98
4415,0.0345,98
4416,0.035,98
4417,0.035500000000000004,98
4418,0.036000000000000004,98
4419,0.0365,98
4420,0.037,98
4421,0.0375,98
4422,0.038,98
4423,0.0385,98
4424,0.039,98
4425,0.0395,98
4426,0.04,98
4427,0.0405,98
4428,0.041,98
4429,0.0415,98
4430,0.042,98
4431,0.0425,98
4432,0.043000000000000003,98
4433,0.043500000000000004,98
4434,0.044,98
4435,0.0445,98
4436,0.045,98
4437,0.0455,98
4438,0.046,98
4439,0.0465,98
4440,0.047,98
4441,0.0475,98
4442,0.048,98
4443,0.0485,98
4444,0.049,98
4445,0.0495,98
4446,0.05,98
4447,0.0505,98
4448,0.051000000000000004,98
4449,0.051500000000000004,98
4450,0.052000000000000005,98
4451,0.0525,98
4452,0.053,98
4453,0.0535,98
4454,0.054,98
4455,0.0545,98
4456,0.055,98
4457,0.0555,98
4458,0.056,98
4459,0.0565,98
4460,0.057,98
4461,0.0575,98
4462,0.058,98
4463,0.0585,98
4464,0.059000000000000004,98
4465,0.059500000000000004,98
4466,0.06,98
4467,0.0605,98
4468,0.061,98
4469,0.0615,98
4470,0.062,98
4471,0.0625,98
4472,0.063,98
4473,0.0635,98
4474,0.064,98
4475,0.0645,98
4476,0.065,98
4477,0.0655,98
4478,0.066,98
4479,0.0665,98
4480,0.067,98
4481,0.0675,98
4482,0.068,98
4483,0.0685,98
4484,0.069,98
4485,0.0695,98
4486,0.07,98
4487,0.07050000000000001,98
4488,0.07100000000000001,98
4489,0.07150000000000001,98
4490,0.033,99
4491,0.0335,99
4492,0.034,99
4493,0.0345,99
4494,0.035,99
4495,0.035500000000000004,99
4496,0.036000000000000004,99
4497,0.0365,99
4498,0.037,99
4499,0.0375,99
4500,0.038,99
4501,0.0385,99
4502,0.039,99
4503,0.0395,99
4504,0.04,99
4505,0.0405,99
4506,0.041,99
4507,0.0415,99
4508,0.042,99
4509,0.0425,99
4510,0.043000000000000003,99
4511,0.043500000000000004,99
4512,0.044,99
4513,0.0445,99
4514,0.045,99
4515,0.0455,99
4516,0.046,99
4517,0.0465,99
4518,0.047,99
4519,0.0475,99
4520,0.048,99
4521,0.0485,99
4522,0.049,99
4523,0.0495,99
4524,0.05,99
4525,0.0505,99
4526,0.051000000000000004,99
4527,0.051500000000000004,99
4528,0.052000000000000005,99
4529,0.0525,99
4530,0.053,99
4531,0.0535,99
4532,0.054,99
4533,0.0545,99
4534,0.055,99
4535,0.0555,99
4536,0.056,99
4537,0.0565,99
4538,0.057,99
4539,0.0575,99
4540,0.058,99
4541,0.0585,99
4542,0.059000000000000004,99
4543,0.059500000000000004,99
4544,0.06,99
4545,0.0605,99
4546,0.061,99
4547,0.0615,99
4548,0.062,99
4549,0.0625,99
4550,0.063,99
4551,0.0635,99
4552,0.064,99
4553,0.0645,99
4554,0.065,99
4555,0.0655,99
4556,0.066,99
4557,0.0665,99
4558,0.067,99
4559,0.0675,99
4560,0.068,99
4561,0.0685,99
4562,0.069,99
4563,0.0695,99
4564,0.07,99
4565,0.07050000000000001,99
4566,0.07100000000000001,99
4567,0.0325,100
4568,0.033,100
4569,0.0335,100
4570,0.034,100
4571,0.0345,100
4572,0.035,100
4573,0.035500000000000004,100
4574,0.036000000000000004,100
4575,0.0365,100
4576,0.037,100
4577,0.0375,100
4578,0.038,100
4579,0.0385,100
4580,0.039,100
4581,0.0395,100
4582,0.04,100
4583,0.0405,100
4584,0.041,100
4585,0.0415,100
4586,0.042,100
4587,0.0425,100
4588,0.043000000000000003,100
4589,0.043500000000000004,100
4590,0.044,100
4591,0.0445,100
4592,0.045,100
4593,0.0455,100
4594,0.046,100
4595,0.0465,100
4596,0.047,100
4597,0.0475,100
4598,0.048,100
4599,0.0485,100
4600,0.049,100
4601,0.0495,100
4602,0.05,100
4603,0.0505,100
4604,0.051000000000000004,100
4605,0.051500000000000004,100
4606,0.052000000000000005,100
4607,0.0525,100
4608,0.053,100
4609,0.0535,100
4610,0.054,100
4611,0.0545,100
4612,0.055,100
4613,0.0555,100
4614,0.056,100
4615,0.0565,100
4616,0.057,100
4617,0.0575,100
4618,0.058,100
4619,0.0585,100
4620,0.059000000000000004,100
4621,0.059500000000000004,100
4622,0.06,100
4623,0.0605,100
4624,0.061,100
4625,0.0615,100
4626,0.062,100
4627,0.0625,100
4628,0.063,100
4629,0.0635,100
4630,0.064,100
4631,0.0645,100
4632,0.065,100
4633,0.0655,100
4634,0.066,100
4635,0.0665,100
4636,0.067,100
4637,0.0675,100
4638,0.068,100
4639,0.0685,100
4640,0.069,100
4641,0.0695,100
4642,0.07,100
4643,0.07050000000000001,100
4644,0.032,101
4645,0.0325,101
4646,0.033,101
4647,0.0335,101
4648,0.034,101
4649,0.0345,101
4650,0.035,101
4651,0.035500000000000004,101
4652,0.036000000000000004,101
4653,0.0365,101
4654,0.037,101
4655,0.0375,101
4656,0.038,101
4657,0.0385,101
4658,0.039,101
4659,0.0395,101
4660,0.04,101
4661,0.0405,101
4662,0.041,101
4663,0.0415,101
4664,0.042,101
4665,0.0425,101
4666,0.043000000000000003,101
4667,0.043500000000000004,101
4668,0.044,101
4669,0.0445,101
4670,0.045,101
4671,0.0455,101
4672,0.046,101
4673,0.0465,101
4674,0.047,101
4675,0.0475,101
4676,0.048,101
4677,0.0485,101
4678,0.049,101
4679,0.0495,101
4680,0.05,101
4681,0.0505,101
4682,0.051000000000000004,101
4683,0.051500000000000004,101
4684,0.052000000000000005,101
4685,0.0525,101
4686,0.053,101
4687,0.0535,101
4688,0.054,101
4689,0.0545,101
4690,0.055,101
4691,0.0555,101
4692,0.056,101
4693,0.0565,101
4694,0.057,101
4695,0.0575,101
4696,0.058,101
4697,0.0585,101
4698,0.059000000000000004,101
4699,0.059500000000000004,101
4700,0.06,101
4701,0.0605,101
4702,0.061,101
4703,0.0615,101
4704,0.062,101
4705,0.0625,101
4706,0.063,101
4707,0.0635,101
4708,0.064,101
4709,0.0645,101
4710,0.065,101
4711,0.0655,101
4712,0.066,101
4713,0.0665,101
4714,0.067,101
4715,0.0675,101
4716,0.068,101
4717,0.0685,101
4718,0.069,101
4719,0.0695,101
4720,0.0315,102
4721,0.032,102
4722,0.0325,102
4723,0.033,102
4724,0.0335,102
4725,0.034,102
4726,0.0345,102
4727,0.035,102
4728,0.035500000000000004,102
4729,0.036000000000000004,102
4730,0.0365,102
4731,0.037,102
4732,0.0375,102
4733,0.038,102
4734,0.0385,102
4735,0.039,102
4736,0.0395,102
4737,0.04,102
4738,0.0405,102
4739,0.041,102
4740,0.0415,102
4741,0.042,102
4742,0.0425,102
4743,0.043000000000000003,102
4744,0.043500000000000004,102
4745,0.044,102
4746,0.0445,102
4747,0.045,102
4748,0.0455,102
4749,0.046,102
4750,0.0465,102
4751,0.047,102
4752,0.0475,102
4753,0.048,102
4754,0.0485,102
4755,0.049,102
4756,0.0495,102
4757,0.05,102
4758,0.0505,102
4759,0.051000000000000004,102
4760,0.051500000000000004,102
4761,0.052000000000000005,102
4762,0.0525,102
4763,0.053,102
4764,0.0535,102
4765,0.054,102
4766,0.0545,102
4767,0.055,102
4768,0.0555,102
4769,0.056,102
4770,0.0565,102
4771,0.057,102
4772,0.0575,102
4773,0.058,102
4774,0.0585,102
4775,0.059000000000000004,102
4776,0.059500000000000004,102
4777,0.06,102
4778,0.0605,102
4779,0.061,102
4780,0.0615,102
4781,0.062,102
4782,0.0625,102
4783,0.063,102
4784,0.0635,102
4785,0.064,102
4786,0.0645,102
4787,0.065,102
4788,0.0655,102
4789,0.066,102
4790,0.0665,102
4791,0.067,102
4792,0.0675,102
4793,0.068,102
4794,0.0685,102
4795,0.069,102
4796,0.0315,103
4797,0.032,103
4798,0.0325,103
4799,0.033,103
4800,0.0335,103
4801,0.034,103
4802,0.0345,103
4803,0.035,103
4804,0.035500000000000004,103
4805,0.036000000000000004,103
4806,0.0365,103
4807,0.037,103
4808,0.0375,103
4809,0.038,103
4810,0.0385,103
4811,0.039,103
4812,0.0395,103
4813,0.04,103
4814,0.0405,103
4815,0.041,103
4816,0.0415,103
4817,0.042,103
4818,0.0425,103
4819,0.043000000000000003,103
4820,0.043500000000000004,103
4821,0.044,103
4822,0.0445,103
4823,0.045,103
4824,0.0455,103
4825,0.046,103
4826,0.0465,103
4827,0.047,103
4828,0.0475,103
4829,0.048,103
4830,0.0485,103
4831,0.049,103
4832,0.0495,103
4833,0.05,103
4834,0.0505,103
4835,0.051000000000000004,103
4836,0.051500000000000004,103
4837,0.052000000000000005,103
4838,0.0525,103
4839,0.053,103
4840,0.0535,103
4841,0.054,103
4842,0.0545,103
4843,0.055,103
4844,0.0555,103
4845,0.056,103
4846,0.0565,103
4847,0.057,103
4848,0.0575,103
4849,0.058,103
4850,0.0585,103
4851,0.059000000000000004,103
4852,0.059500000000000004,103
4853,0.06,103
4854,0.0605,103
4855,0.061,103
4856,0.0615,103
4857,0.062,103
4858,0.0625,103
4859,0.063,103
4860,0.0635,103
4861,0.064,103
4862,0.0645,103
4863,0.065,103
4864,0.0655,103
4865,0.066,103
4866,0.0665,103
4867,0.067,103
4868,0.0675,103
4869,0.068,103
4870,0.0685,103
4871,0.031,104
4872,0.0315,104
4873,0.032,104
4874,0.0325,104
4875,0.033,104
4876,0.0335,104
4877,0.034,104
4878,0.0345,104
4879,0.035,104
4880,0.035500000000000004,104
4881,0.036000000000000004,104
4882,0.0365,104
4883,0.037,104
4884,0.0375,104
4885,0.038,104
4886,0.0385,104
4887,0.039,104
4888,0.0395,104
4889,0.04,104
4890,0.0405,104
4891,0.041,104
4892,0.0415,104
4893,0.042,104
4894,0.0425,104
4895,0.043000000000000003,104
4896,0.043500000000000004,104
4897,0.044,104
4898,0.0445,104
4899,0.045,104
4900,0.0455,104
4901,0.046,104
4902,0.0465,104
4903,0.047,104
4904,0.0475,104
4905,0.048,104
4906,0.0485,104
4907,0.049,104
4908,0.0495,104
4909,0.05,104
4910,0.0505,104
4911,0.051000000000000004,104
4912,0.051500000000000004,104
4913,0.052000000000000005,104
4914,0.0525,104
4915,0.053,104
4916,0.0535,104
4917,0.054,104
4918,0.0545,104
4919,0.055,104
4920,0.0555,104
4921,0.056,104
4922,0.0565,104
4923,0.057,104
4924,0.0575,104
4925,0.058,104
4926,0.0585,104
4927,0.059000000000000004,104
4928,0.059500000000000004,104
4929,0.06,104
4930,0.0605,104
4931,0.061,104
4932,0.0615,104
4933,0.062,104
4934,0.0625,104
4935,0.063,104
4936,0.0635,104
4937,0.064,104
4938,0.0645,104
4939,0.065,104
4940,0.0655,104
4941,0.066,104
4942,0.0665,104
4943,0.067,104
4944,0.0675,104
4945,0.068,104
4946,0.0305,105
4947,0.031,105
4948,0.0315,105
4949,0.032,105
4950,0.0325,105
4951,0.033,105
4952,0.0335,105
4953,0.034,105
4954,0.0345,105
4955,0.035,105
4956,0.035500000000000004,105
4957,0.036000000000000004,105
4958,0.0365,105
4959,0.037,105
4960,0.0375,105
4961,0.038,105
4962,0.0385,105
4963,0.039,105
4964,0.0395,105
4965,0.04,105
4966,0.0405,105
4967,0.041,105
4968,0.0415,105
4969,0.042,105
4970,0.0425,105
4971,0.043000000000000003,105
4972,0.043500000000000004,105
4973,0.044,105
4974,0.0445,105
4975,0.045,105
4976,0.0455,105
4977,0.046,105
4978,0.0465,105
4979,0.047,105
4980,0.0475,105
4981,0.048,105
4982,0.0485,105
4983,0.049,105
4984,0.0495,105
4985,0.05,105
4986,0.0505,105
4987,0.051000000000000004,105
4988,0.051500000000000004,105
4989,0.052000000000000005,105
4990,0.0525,105
4991,0.053,105
4992,0.0535,105
4993,0.054,105
4994,0.0545,105
4995,0.055,105
4996,0.0555,105
4997,0.056,105
4998,0.0565,105
4999,0.057,105
5000,0.0575,105
5001,0.058,105
5002,0.0585,105
5003,0.059000000000000004,105
5004,0.059500000000000004,105
5005,0.06,105
5006,0.0605,105
5007,0.061,105
5008,0.0615,105
5009,0.062,105
5010,0.0625,105
5011,0.063,105
5012,0.0635,105
5013,0.064,105
5014,0.0645,105
5015,0.065,105
5016,0.0655,105
5017,0.066,105
5018,0.0665,105
5019,0.067,105
5020,0.0675,105
5021,0.03,106
5022,0.0305,106
5023,0.031,106
5024,0.0315,106
5025,0.032,106
5026,0.0325,106
5027,0.033,106
5028,0.0335,106
5029,0.034,106
5030,0.0345,106
5031,0.035,106
5032,0.035500000000000004,106
5033,0.036000000000000004,106
5034,0.0365,106
5035,0.037,106
5036,0.0375,106
5037,0.038,106
5038,0.0385,106
5039,0.039,106
5040,0.0395,106
5041,0.04,106
5042,0.0405,106
5043,0.041,106
5044,0.0415,106
5045,0.042,106
5046,0.0425,106
5047,0.043000000000000003,106
5048,0.043500000000000004,106
5049,0.044,106
5050,0.0445,106
5051,0.045,106
5052,0.0455,106
5053,0.046,106
5054,0.0465,106
5055,0.047,106
5056,0.0475,106
5057,0.048,106
5058,0.0485,106
5059,0.049,106
5060,0.0495,106
5061,0.05,106
5062,0.0505,106
5063,0.051000000000000004,106
5064,0.051500000000000004,106
5065,0.052000000000000005,106
5066,0.0525,106
5067,0.053,106
5068,0.0535,106
5069,0.054,106
5070,0.0545,106
5071,0.055,106
5072,0.0555,106
5073,0.056,106
5074,0.0565,106
5075,0.057,106
5076,0.0575,106
5077,0.058,106
5078,0.0585,106
5079,0.059000000000000004,106
5080,0.059500000000000004,106
5081,0.06,106
5082,0.0605,106
5083,0.061,106
5084,0.0615,106
5085,0.062,106
5086,0.0625,106
5087,0.063,106
5088,0.0635,106
5089,0.064,106
5090,0.0645,106
5091,0.065,106
5092,0.0655,106
5093,0.066,106
5094,0.0665,106
5095,0.067,106
5096,0.029500000000000002,107
5097,0.03,107
5098,0.0305,107
5099,0.031,107
5100,0.0315,107
5101,0.032,107
5102,0.0325,107
5103,0.033,107
5104,0.0335,107
5105,0.034,107
5106,0.0345,107
5107,0.035,107
5108,0.035500000000000004,107
5109,0.036000000000000004,107
5110,0.0365,107
5111,0.037,107
5112,0.0375,107
5113,0.038,107
5114,0.0385,107
5115,0.039,107
5116,0.0395,107
5117,0.04,107
5118,0.0405,107
5119,0.041,107
5120,0.0415,107
5121,0.042,107
5122,0.0425,107
5123,0.043000000000000003,107
5124,0.043500000000000004,107
5125,0.044,107
5126,0.0445,107
5127,0.045,107
5128,0.0455,107
5129,0.046,107
5130,0.0465,107
5131,0.047,107
5132,0.0475,107
5133,0.048,107
5134,0.0485,107
5135,0.049,107
5136,0.0495,107
5137,0.05,107
5138,0.0505,107
5139,0.051000000000000004,107
5140,0.051500000000000004,107
5141,0.052000000000000005,107
5142,0.0525,107
5143,0.053,107
5144,0.0535,107
5145,0.054,107
5146,0.0545,107
5147,0.055,107
5148,0.0555,107
5149,0.056,107
5150,0.0565,107
5151,0.057,107
5152,0.0575,107
5153,0.058,107
5154,0.0585,107
5155,0.059000000000000004,107
5156,0.059500000000000004,107
5157,0.06,107
5158,0.0605,107
5159,0.061,107
5160,0.0615,107
5161,0.062,107
5162,0.0625,107
5163,0.063,107
5164,0.0635,107
5165,0.064,107
5166,0.0645,107
5167,0.065,107
5168,0.0655,107
5169,0.066,107
5170,0.0665,107
5171,0.029500000000000002,108
5172,0.03,108
5173,0.0305,108
5174,0.031,108
5175,0.0315,108
5176,0.032,108
5177,0.0325,108
5178,0.033,108
5179,0.0335,108
5180,0.034,108
5181,0.0345,108
5182,0.035,108
5183,0.035500000000000004,108
5184,0.036000000000000004,108
5185,0.0365,108
5186,0.037,108
5187,0.0375,108
5188,0.038,108
5189,0.0385,108
5190,0.039,108
5191,0.0395,108
5192,0.04,108
5193,0.0405,108
5194,0.041,108
5195,0.0415,108
5196,0.042,108
5197,0.0425,108
5198,0.043000000000000003,108
5199,0.043500000000000004,108
5200,0.044,108
5201,0.0445,108
5202,0.045,108
5203,0.0455,108
5204,0.046,108
5205,0.0465,108
5206,0.047,108
5207,0.0475,108
5208,0.048,108
5209,0.0485,108
5210,0.049,108
5211,0.0495,108
5212,0.05,108
5213,0.0505,108
5214,0.051000000000000004,108
5215,0.051500000000000004,108
5216,0.052000000000000005,108
5217,0.0525,108
5218,0.053,108
5219,0.0535,108
5220,0.054,108
5221,0.0545,108
5222,0.055,108
5223,0.0555,108
5224,0.056,108
5225,0.0565,108
5226,0.057,108
5227,0.0575,108
5228,0.058,108
5229,0.0585,108
5230,0.059000000000000004,108
5231,0.059500000000000004,108
5232,0.06,108
5233,0.0605,108
5234,0.061,108
5235,0.0615,108
5236,0.062,108
5237,0.0625,108
5238,0.063,108
5239,0.0635,108
5240,0.064,108
5241,0.0645,108
5242,0.065,108
5243,0.0655,108
5244,0.066,108
5245,0.029,109
5246,0.029500000000000002,109
5247,0.03,109
5248,0.0305,109
5249,0.031,109
5250,0.0315,109
5251,0.032,109
5252,0.0325,109
5253,0.033,109
5254,0.0335,109
5255,0.034,109
5256,0.0345,109
5257,0.035,109
5258,0.035500000000000004,109
5259,0.036000000000000004,109
5260,0.0365,109
5261,0.037,109
5262,0.0375,109
5263,0.038,109
5264,0.0385,109
5265,0.039,109
5266,0.0395,109
5267,0.04,109
5268,0.0405,109
5269,0.041,109
5270,0.0415,109
5271,0.042,109
5272,0.0425,109
5273,0.043000000000000003,109
5274,0.043500000000000004,109
5275,0.044,109
5276,0.0445,109
5277,0.045,109
5278,0.0455,109
5279,0.046,109
5280,0.0465,109
5281,0.047,109
5282,0.0475,109
5283,0.048,109
5284,0.0485,109
5285,0.049,109
5286,0.0495,109
5287,0.05,109
5288,0.0505,109
5289,0.051000000000000004,109
5290,0.051500000000000004,109
5291,0.052000000000000005,109
5292,0.0525,109
5293,0.053,109
5294,0.0535,109
5295,0.054,109
5296,0.0545,109
5297,0.055,109
5298,0.0555,109
5299,0.056,109
5300,0.0565,109
5301,0.057,109
5302,0.0575,109
5303,0.058,109
5304,0.0585,109
5305,0.059000000000000004,109
5306,0.059500000000000004,109
5307,0.06,109
5308,0.0605,109
5309,0.061,109
5310,0.0615,109
5311,0.062,109
5312,0.0625,109
5313,0.063,109
5314,0.0635,109
5315,0.064,109
5316,0.0645,109
5317,0.065,109
5318,0.0655,109
5319,0.0285,110
5320,0.029,110
5321,0.029500000000000002,110
5322,0.03,110
5323,0.0305,110
5324,0.031,110
5325,0.0315,110
5326,0.032,110
5327,0.0325,110
5328,0.033,110
5329,0.0335,110
5330,0.034,110
5331,0.0345,110
5332,0.035,110
5333,0.035500000000000004,110
5334,0.036000000000000004,110
5335,0.0365,110
5336,0.037,110
5337,0.0375,110
5338,0.038,110
5339,0.0385,110
5340,0.039,110
5341,0.0395,110
5342,0.04,110
5343,0.0405,110
5344,0.041,110
5345,0.0415,110
5346,0.042,110
5347,0.0425,110
5348,0.043000000000000003,110
5349,0.043500000000000004,110
5350,0.044,110
5351,0.0445,110
5352,0.045,110
5353,0.0455,110
5354,0.046,110
5355,0.0465,110
5356,0.047,110
5357,0.0475,110
5358,0.048,110
5359,0.0485,110
5360,0.049,110
5361,0.0495,110
5362,0.05,110
5363,0.0505,110
5364,0.051000000000000004,110
5365,0.051500000000000004,110
5366,0.052000000000000005,110
5367,0.0525,110
5368,0.053,110
5369,0.0535,110
5370,0.054,110
5371,0.0545,110
5372,0.055,110
5373,0.0555,110
5374,0.056,110
5375,0.0565,110
5376,0.057,110
5377,0.0575,110
5378,0.058,110
5379,0.0585,110
5380,0.059000000000000004,110
5381,0.059500000000000004,110
5382,0.06,110
5383,0.0605,110
5384,0.061,110
5385,0.0615,110
5386,0.062,110
5387,0.0625,110
5388,0.063,110
5389,0.0635,110
5390,0.064,110
5391,0.0645,110
5392,0.065,110
5393,0.0285,111
5394,0.029,111
5395,0.029500000000000002,111
5396,0.03,111
5397,0.0305,111
5398,0.031,111
5399,0.0315,111
5400,0.032,111
5401,0.0325,111
5402,0.033,111
5403,0.0335,111
5404,0.034,111
5405,0.0345,111
5406,0.035,111
5407,0.035500000000000004,111
5408,0.036000000000000004,111
5409,0.0365,111
5410,0.037,111
5411,0.0375,111
5412,0.038,111
5413,0.0385,111
5414,0.039,111
5415,0.0395,111
5416,0.04,111
5417,0.0405,111
5418,0.041,111
5419,0.0415,111
5420,0.042,111
5421,0.0425,111
5422,0.043000000000000003,111
5423,0.043500000000000004,111
5424,0.044,111
5425,0.0445,111
5426,0.045,111
5427,0.0455,111
5428,0.046,111
5429,0.0465,111
5430,0.047,111
5431,0.0475,111
5432,0.048,111
5433,0.0485,111
5434,0.049,111
5435,0.0495,111
5436,0.05,111
5437,0.0505,111
5438,0.051000000000000004,111
5439,0.051500000000000004,111
5440,0.052000000000000005,111
5441,0.0525,111
5442,0.053,111
5443,0.0535,111
5444,0.054,111
5445,0.0545,111
5446,0.055,111
5447,0.0555,111
5448,0.056,111
5449,0.0565,111
5450,0.057,111
5451,0.0575,111
5452,0.058,111
5453,0.0585,111
5454,0.059000000000000004,111
5455,0.059500000000000004,111
5456,0.06,111
5457,0.0605,111
5458,0.061,111
5459,0.0615,111
5460,0.062,111
5461,0.0625,111
5462,0.063,111
5463,0.0635,111
5464,0.064,111
5465,0.0645,111
5466,0.028,112
5467,0.0285,112
5468,0.029,112
5469,0.029500000000000002,112
5470,0.03,112
5471,0.0305,112
5472,0.031,112
5473,0.0315,112
5474,0.032,112
5475,0.0325,112
5476,0.033,112
5477,0.0335,112
5478,0.034,112
5479,0.0345,112
5480,0.035,112
5481,0.035500000000000004,112
5482,0.036000000000000004,112
5483,0.0365,112
5484,0.037,112
5485,0.0375,112
5486,0.038,112
5487,0.0385,112
5488,0.039,112
5489,0.0395,112
5490,0.04,112
5491,0.0405,112
5492,0.041,112
5493,0.0415,112
5494,0.042,112
5495,0.0425,112
5496,0.043000000000000003,112
5497,0.043500000000000004,112
5498,0.044,112
5499,0.0445,112
5500,0.045,112
5501,0.0455,112
5502,0.046,112
5503,0.0465,112
5504,0.047,112
5505,0.0475,112
5506,0.048,112
5507,0.0485,112
5508,0.049,112
5509,0.0495,112
5510,0.05,112
5511,0.0505,112
5512,0.051000000000000004,112
5513,0.051500000000000004,112
5514,0.052000000000000005,112
5515,0.0525,112
5516,0.053,112
5517,0.0535,112
5518,0.054,112
5519,0.0545,112
5520,0.055,112
5521,0.0555,112
5522,0.056,112
5523,0.0565,112
5524,0.057,112
5525,0.0575,112
5526,0.058,112
5527,0.0585,112
5528,0.059000000000000004,112
5529,0.059500000000000004,112
5530,0.06,112
5531,0.0605,112
5532,0.061,112
5533,0.0615,112
5534,0.062,112
5535,0.0625,112
5536,0.063,112
5537,0.0635,112
5538,0.064,112
5539,0.0275,113
5540,0.028,113
5541,0.0285,113
5542,0.029,113
5543,0.029500000000000002,113
5544,0.03,113
5545,0.0305,113
5546,0.031,113
5547,0.0315,113
5548,0.032,113
5549,0.0325,113
5550,0.033,113
5551,0.0335,113
5552,0.034,113
5553,0.0345,113
5554,0.035,113
5555,0.035500000000000004,113
5556,0.036000000000000004,113
5557,0.0365,113
5558,0.037,113
5559,0.0375,113
5560,0.038,113
5561,0.0385,113
5562,0.039,113
5563,0.0395,113
5564,0.04,113
5565,0.0405,113
5566,0.041,113
5567,0.0415,113
5568,0.042,113
5569,0.0425,113
5570,0.043000000000000003,113
5571,0.043500000000000004,113
5572,0.044,113
5573,0.0445,113
5574,0.045,113
5575,0.0455,113
5576,0.046,113
5577,0.0465,113
5578,0.047,113
5579,0.0475,113
5580,0.048,113
5581,0.0485,113
5582,0.049,113
5583,0.0495,113
5584,0.05,113
5585,0.0505,113
5586,0.051000000000000004,113
5587,0.051500000000000004,113
5588,0.052000000000000005,113
5589,0.0525,113
5590,0.053,113
5591,0.0535,113
5592,0.054,113
5593,0.0545,113
5594,0.055,113
5595,0.0555,113
5596,0.056,113
5597,0.0565,113
5598,0.057,113
5599,0.0575,113
5600,0.058,113
5601,0.0585,113
5602,0.059000000000000004,113
5603,0.059500000000000004,113
5604,0.06,113
5605,0.0605,113
5606,0.061,113
5607,0.0615,113
5608,0.062,113
5609,0.0625,113
5610,0.063,113
5611,0.0635,113
5612,0.0275,114
5613,0.028,114
5614,0.0285,114
5615,0.029,114
5616,0.029500000000000002,114
5617,0.03,114
5618,0.0305,114
5619,0.031,114
5620,0.0315,114
5621,0.032,114
5622,0.0325,114
5623,0.033,114
5624,0.0335,114
5625,0.034,114
5626,0.0345,114
5627,0.035,114
5628,0.035500000000000004,114
5629,0.036000000000000004,114
5630,0.0365,114
5631,0.037,114
5632,0.0375,114
5633,0.038,114
5634,0.0385,114
5635,0.039,114
5636,0.0395,114
5637,0.04,114
5638,0.0405,114
5639,0.041,114
5640,0.0415,114
5641,0.042,114
5642,0.0425,114
5643,0.043000000000000003,114
5644,0.043500000000000004,114
5645,0.044,114
5646,0.0445,114
5647,0.045,114
5648,0.0455,114
5649,0.046,114
5650,0.0465,114
5651,0.047,114
5652,0.0475,114
5653,0.048,114
5654,0.0485,114
5655,0.049,114
5656,0.0495,114
5657,0.05,114
5658,0.0505,114
5659,0.051000000000000004,114
5660,0.051500000000000004,114
5661,0.052000000000000005,114
5662,0.0525,114
5663,0.053,114
5664,0.0535,114
5665,0.054,114
5666,0.0545,114
5667,0.055,114
5668,0.0555,114
5669,0.056,114
5670,0.0565,114
5671,0.057,114
5672,0.0575,114
5673,0.058,114
5674,0.0585,114
5675,0.059000000000000004,114
5676,0.059500000000000004,114
5677,0.06,114
5678,0.0605,114
5679,0.061,114
5680,0.0615,114
5681,0.062,114
5682,0.0625,114
5683,0.063,114
5684,0.0635,114
5685,0.027,115
5686,0.0275,115
5687,0.028,115
5688,0.0285,115
5689,0.029,115
5690,0.029500000000000002,115
5691,0.03,115
5692,0.0305,115
5693,0.031,115
5694,0.0315,115
5695,0.032,115
5696,0.0325,115
5697,0.033,115
5698,0.0335,115
5699,0.034,115
5700,0.0345,115
5701,0.035,115
5702,0.035500000000000004,115
5703,0.036000000000000004,115
5704,0.0365,115
5705,0.037,115
5706,0.0375,115
5707,0.038,115
5708,0.0385,115
5709,0.039,115
5710,0.0395,115
5711,0.04,115
5712,0.0405,115
5713,0.041,115
5714,0.0415,115
5715,0.042,115
5716,0.0425,115
5717,0.043000000000000003,115
5718,0.043500000000000004,115
5719,0.044,115
5720,0.0445,115
5721,0.045,115
5722,0.0455,115
5723,0.046,115
5724,0.0465,115
5725,0.047,115
5726,0.0475,115
5727,0.048,115
5728,0.0485,115
5729,0.049,115
5730,0.0495,115
5731,0.05,115
5732,0.0505,115
5733,0.051000000000000004,115
5734,0.051500000000000004,115
5735,0.052000000000000005,115
5736,0.0525,115
5737,0.053,115
5738,0.0535,115
5739,0.054,115
5740,0.0545,115
5741,0.055,115
5742,0.0555,115
5743,0.056,115
5744,0.0565,115
5745,0.057,115
5746,0.0575,115
5747,0.058,115
5748,0.0585,115
5749,0.059000000000000004,115
5750,0.059500000000000004,115
5751,0.06,115
5752,0.0605,115
5753,0.061,115
5754,0.0615,115
5755,0.062,115
5756,0.0625,115
5757,0.063,115
5758,0.0265,116
5759,0.027,116
5760,0.0275,116
5761,0.028,116
5762,0.0285,116
5763,0.029,116
5764,0.029500000000000002,116
5765,0.03,116
5766,0.0305,116
5767,0.031,116
5768,0.0315,116
5769,0.032,116
5770,0.0325,116
5771,0.033,116
5772,0.0335,116
5773,0.034,116
5774,0.0345,116
5775,0.035,116
5776,0.035500000000000004,116
5777,0.036000000000000004,116
5778,0.0365,116
5779,0.037,116
5780,0.0375,116
5781,0.038,116
5782,0.0385,116
5783,0.039,116
5784,0.0395,116
5785,0.04,116
5786,0.0405,116
5787,0.041,116
5788,0.0415,116
5789,0.042,116
5790,0.0425,116
5791,0.043000000000000003,116
5792,0.043500000000000004,116
5793,0.044,116
5794,0.0445,116
5795,0.045,116
5796,0.0455,116
5797,0.046,116
5798,0.0465,116
5799,0.047,116
5800,0.0475,116
5801,0.048,116
5802,0.0485,116
5803,0.049,116
5804,0.0495,116
5805,0.05,116
5806,0.0505,116
5807,0.051000000000000004,116
5808,0.051500000000000004,116
5809,0.052000000000000005,116
5810,0.0525,116
5811,0.053,116
5812,0.0535,116
5813,0.054,116
5814,0.0545,116
5815,0.055,116
5816,0.0555,116
5817,0.056,116
5818,0.0565,116
5819,0.057,116
5820,0.0575,116
5821,0.058,116
5822,0.0585,116
5823,0.059000000000000004,116
5824,0.059500000000000004,116
5825,0.06,116
5826,0.0605,116
5827,0.061,116
5828,0.0615,116
5829,0.062,116
5830,0.0625,116
5831,0.0265,117
5832,0.027,117
5833,0.0275,117
5834,0.028,117
5835,0.0285,117
5836,0.029,117
5837,0.029500000000000002,117
5838,0.03,117
5839,0.0305,117
5840,0.031,117
5841,0.0315,117
5842,0.032,117
5843,0.0325,117
5844,0.033,117
5845,0.0335,117
5846,0.034,117
5847,0.0345,117
5848,0.035,117
5849,0.035500000000000004,117
5850,0.036000000000000004,117
5851,0.0365,117
5852,0.037,117
5853,0.0375,117
5854,0.038,117
5855,0.0385,117
5856,0.039,117
5857,0.0395,117
5858,0.04,117
5859,0.0405,117
5860,0.041,117
5861,0.0415,117
5862,0.042,117
5863,0.0425,117
5864,0.043000000000000003,117
5865,0.043500000000000004,117
5866,0.044,117
5867,0.0445,117
5868,0.045,117
5869,0.0455,117
5870,0.046,117
5871,0.0465,117
5872,0.047,117
5873,0.0475,117
5874,0.048,117
5875,0.0485,117
5876,0.049,117
5877,0.0495,117
5878,0.05,117
5879,0.0505,117
5880,0.051000000000000004,117
5881,0.051500000000000004,117
5882,0.052000000000000005,117
5883,0.0525,117
5884,0.053,117
5885,0.0535,117
5886,0.054,117
5887,0.0545,117
5888,0.055,117
5889,0.0555,117
5890,0.056,117
5891,0.0565,117
5892,0.057,117
5893,0.0575,117
5894,0.058,117
5895,0.0585,117
5896,0.059000000000000004,117
5897,0.059500000000000004,117
5898,0.06,117
5899,0.0605,117
5900,0.061,117
5901,0.0615,117
5902,0.062,117
5903,0.026000000000000002,118
5904,0.0265,118
5905,0.027,118
5906,0.0275,118
5907,0.028,118
5908,0.0285,118
5909,0.029,118
5910,0.029500000000000002,118
5911,0.03,118
5912,0.0305,118
5913,0.031,118
5914,0.0315,118
5915,0.032,118
5916,0.0325,118
5917,0.033,118
5918,0.0335,118
5919,0.034,118
5920,0.0345,118
5921,0.035,118
5922,0.035500000000000004,118
5923,0.036000000000000004,118
5924,0.0365,118
5925,0.037,118
5926,0.0375,118
5927,0.038,118
5928,0.0385,118
5929,0.039,118
5930,0.0395,118
5931,0.04,118
5932,0.0405,118
5933,0.041,118
5934,0.0415,118
5935,0.042,118
5936,0.0425,118
5937,0.043000000000000003,118
5938,0.043500000000000004,118
5939,0.044,118
5940,0.0445,118
5941,0.045,118
5942,0.0455,118
5943,0.046,118
5944,0.0465,118
5945,0.047,118
5946,0.0475,118
5947,0.048,118
5948,0.0485,118
5949,0.049,118
5950,0.0495,118
5951,0.05,118
5952,0.0505,118
5953,0.051000000000000004,118
5954,0.051500000000000004,118
5955,0.052000000000000005,118
5956,0.0525,118
5957,0.053,118
5958,0.0535,118
5959,0.054,118
5960,0.0545,118
5961,0.055,118
5962,0.0555,118
5963,0.056,118
5964,0.0565,118
5965,0.057,118
5966,0.0575,118
5967,0.058,118
5968,0.0585,118
5969,0.059000000000000004,118
5970,0.059500000000000004,118
5971,0.06,118
5972,0.0605,118
5973,0.061,118
5974,0.0615,118
5975,0.026000000000000002,119
5976,0.0265,119
5977,0.027,119
5978,0.0275,119
5979,0.028,119
5980,0.0285,119
5981,0.029,119
5982,0.029500000000000002,119
5983,0.03,119
5984,0.0305,119
5985,0.031,119
5986,0.0315,119
5987,0.032,119
5988,0.0325,119
5989,0.033,119
5990,0.0335,119
5991,0.034,119
5992,0.0345,119
5993,0.035,119
5994,0.035500000000000004,119
5995,0.036000000000000004,119
5996,0.0365,119
5997,0.037,119
5998,0.0375,119
5999,0.038,119
6000,0.0385,119
6001,0.039,119
6002,0.0395,119
6003,0.04,119
6004,0.0405,119
6005,0.041,119
6006,0.0415,119
6007,0.042,119
6008,0.0425,119
6009,0.043000000000000003,119
6010,0.043500000000000004,119
6011,0.044,119
6012,0.0445,119
6013,0.045,119
6014,0.0455,119
6015,0.046,119
6016,0.0465,119
6017,0.047,119
6018,0.0475,119
6019,0.048,119
6020,0.0485,119
6021,0.049,119
6022,0.0495,119
6023,0.05,119
6024,0.0505,119
6025,0.051000000000000004,119
6026,0.051500000000000004,119
6027,0.052000000000000005,119
6028,0.0525,119
6029,0.053,119
6030,0.0535,119
6031,0.054,119
6032,0.0545,119
6033,0.055,119
6034,0.0555,119
6035,0.056,119
6036,0.0565,119
6037,0.057,119
6038,0.0575,119
6039,0.058,119
6040,0.0585,119
6041,0.059000000000000004,119
6042,0.059500000000000004,119
6043,0.06,119
6044,0.0605,119
6045,0.061,119
